-- phpMyAdmin SQL Dump
-- version 4.1.14
-- http://www.phpmyadmin.net
--
-- Host: 127.0.0.1
-- Generation Time: Jan 10, 2016 at 01:27 PM
-- Server version: 5.6.17
-- PHP Version: 5.5.12

SET SQL_MODE = "NO_AUTO_VALUE_ON_ZERO";
SET time_zone = "+00:00";


/*!40101 SET @OLD_CHARACTER_SET_CLIENT=@@CHARACTER_SET_CLIENT */;
/*!40101 SET @OLD_CHARACTER_SET_RESULTS=@@CHARACTER_SET_RESULTS */;
/*!40101 SET @OLD_COLLATION_CONNECTION=@@COLLATION_CONNECTION */;
/*!40101 SET NAMES utf8 */;

--
-- Database: `its`
--

-- --------------------------------------------------------

--
-- Table structure for table `kategorija`
--

CREATE TABLE IF NOT EXISTS `kategorija` (
  `rbrKat` int(11) NOT NULL,
  `brPitanja` int(11) NOT NULL,
  `prag` int(11) NOT NULL,
  `imeKat` varchar(30) COLLATE utf8_bin NOT NULL,
  PRIMARY KEY (`rbrKat`)
) ENGINE=InnoDB DEFAULT CHARSET=utf8 COLLATE=utf8_bin;

--
-- Dumping data for table `kategorija`
--

INSERT INTO `kategorija` (`rbrKat`, `brPitanja`, `prag`, `imeKat`) VALUES
(1, 12, 6, 'Skupovi 1'),
(2, 6, 3, 'Skupovi 2'),
(3, 10, 5, 'Kombinatorika 1'),
(4, 15, 8, 'Kombinatorika 2'),
(5, 9, 5, 'Teorija Grafova 1'),
(6, 7, 4, 'Teorija Grafova 2'),
(7, 5, 3, 'Dijkstra'),
(8, 4, 2, 'Diskretna vjerojatnost 1'),
(9, 12, 6, 'Diskretna vjerojatnost 2');

-- --------------------------------------------------------

--
-- Table structure for table `kategorijakategorija`
--

CREATE TABLE IF NOT EXISTS `kategorijakategorija` (
  `id` int(11) NOT NULL AUTO_INCREMENT,
  `rbrNadKat` int(11) NOT NULL,
  `rbrPodKat` int(11) NOT NULL,
  PRIMARY KEY (`id`),
  KEY `rbrNadKat` (`rbrNadKat`),
  KEY `rbrPodKat` (`rbrPodKat`)
) ENGINE=InnoDB  DEFAULT CHARSET=utf8 COLLATE=utf8_bin AUTO_INCREMENT=9 ;

--
-- Dumping data for table `kategorijakategorija`
--

INSERT INTO `kategorijakategorija` (`id`, `rbrNadKat`, `rbrPodKat`) VALUES
(1, 1, 2),
(2, 1, 3),
(3, 1, 5),
(4, 3, 4),
(5, 3, 8),
(6, 5, 6),
(7, 5, 7),
(8, 8, 9);

-- --------------------------------------------------------

--
-- Table structure for table `koncept`
--

CREATE TABLE IF NOT EXISTS `koncept` (
  `rbrKon` int(11) NOT NULL,
  `ukBod` int(11) NOT NULL,
  `prag` float NOT NULL,
  `imeKon` varchar(30) COLLATE utf8_bin NOT NULL,
  PRIMARY KEY (`rbrKon`)
) ENGINE=InnoDB DEFAULT CHARSET=utf8 COLLATE=utf8_bin COMMENT='ukBod = ukupno bodova';

--
-- Dumping data for table `koncept`
--

INSERT INTO `koncept` (`rbrKon`, `ukBod`, `prag`, `imeKon`) VALUES
(1, 185, 92.5, 'Skupovi'),
(2, 298, 149, 'Kombinatorika'),
(3, 207, 103.5, 'Teorija grafova'),
(4, 110, 55, 'Diskretna vjerojatnost');

-- --------------------------------------------------------

--
-- Table structure for table `konceptkoncept`
--

CREATE TABLE IF NOT EXISTS `konceptkoncept` (
  `id` int(11) NOT NULL AUTO_INCREMENT,
  `rbrNadKon` int(11) NOT NULL,
  `rbrPodKon` int(11) NOT NULL,
  PRIMARY KEY (`id`),
  KEY `rbrNadKon` (`rbrNadKon`),
  KEY `rbrPodKon` (`rbrPodKon`)
) ENGINE=InnoDB  DEFAULT CHARSET=utf8 COLLATE=utf8_bin AUTO_INCREMENT=4 ;

--
-- Dumping data for table `konceptkoncept`
--

INSERT INTO `konceptkoncept` (`id`, `rbrNadKon`, `rbrPodKon`) VALUES
(1, 1, 2),
(2, 1, 3),
(3, 2, 4);

-- --------------------------------------------------------

--
-- Table structure for table `korisnik`
--

CREATE TABLE IF NOT EXISTS `korisnik` (
  `userID` int(11) NOT NULL AUTO_INCREMENT,
  `username` varchar(40) COLLATE utf8_bin NOT NULL,
  `password` varchar(40) COLLATE utf8_bin NOT NULL,
  PRIMARY KEY (`userID`)
) ENGINE=InnoDB  DEFAULT CHARSET=utf8 COLLATE=utf8_bin AUTO_INCREMENT=41 ;

--
-- Dumping data for table `korisnik`
--

INSERT INTO `korisnik` (`userID`, `username`, `password`) VALUES
(40, 'james', 'bond');

-- --------------------------------------------------------

--
-- Table structure for table `korisnikkategorija`
--

CREATE TABLE IF NOT EXISTS `korisnikkategorija` (
  `id` int(11) NOT NULL AUTO_INCREMENT,
  `userID` int(11) NOT NULL,
  `rbrKat` int(11) NOT NULL,
  `brTocnih` int(11) NOT NULL,
  `otvorena` tinyint(1) NOT NULL,
  PRIMARY KEY (`id`),
  KEY `userID` (`userID`),
  KEY `rbrKat` (`rbrKat`)
) ENGINE=InnoDB  DEFAULT CHARSET=utf8 COLLATE=utf8_bin AUTO_INCREMENT=208 ;

--
-- Dumping data for table `korisnikkategorija`
--

INSERT INTO `korisnikkategorija` (`id`, `userID`, `rbrKat`, `brTocnih`, `otvorena`) VALUES
(199, 40, 1, 0, 1),
(200, 40, 2, 0, 0),
(201, 40, 3, 0, 0),
(202, 40, 4, 0, 0),
(203, 40, 5, 0, 0),
(204, 40, 6, 0, 0),
(205, 40, 7, 0, 0),
(206, 40, 8, 0, 0),
(207, 40, 9, 0, 0);

-- --------------------------------------------------------

--
-- Table structure for table `korisnikkoncept`
--

CREATE TABLE IF NOT EXISTS `korisnikkoncept` (
  `id` int(11) NOT NULL AUTO_INCREMENT,
  `userID` int(11) NOT NULL,
  `rbrKon` int(11) NOT NULL,
  `brBodova` int(11) NOT NULL,
  `otvoren` tinyint(1) NOT NULL,
  PRIMARY KEY (`id`),
  KEY `userID` (`userID`),
  KEY `rbrKon` (`rbrKon`)
) ENGINE=InnoDB  DEFAULT CHARSET=utf8 COLLATE=utf8_bin AUTO_INCREMENT=89 ;

--
-- Dumping data for table `korisnikkoncept`
--

INSERT INTO `korisnikkoncept` (`id`, `userID`, `rbrKon`, `brBodova`, `otvoren`) VALUES
(85, 40, 1, 0, 1),
(86, 40, 2, 0, 0),
(87, 40, 3, 0, 0),
(88, 40, 4, 0, 0);

-- --------------------------------------------------------

--
-- Table structure for table `korisnikzadatak`
--

CREATE TABLE IF NOT EXISTS `korisnikzadatak` (
  `id` int(11) NOT NULL AUTO_INCREMENT,
  `userID` int(11) NOT NULL,
  `rbrZad` int(11) NOT NULL,
  `tocno` tinyint(1) NOT NULL,
  `zadnjePitan` date DEFAULT NULL,
  PRIMARY KEY (`id`),
  KEY `userID` (`userID`),
  KEY `rbrZad` (`rbrZad`),
  KEY `userID_2` (`userID`)
) ENGINE=InnoDB  DEFAULT CHARSET=utf8 COLLATE=utf8_bin AUTO_INCREMENT=208 ;

--
-- Dumping data for table `korisnikzadatak`
--

INSERT INTO `korisnikzadatak` (`id`, `userID`, `rbrZad`, `tocno`, `zadnjePitan`) VALUES
(196, 40, 1, 0, NULL),
(197, 40, 2, 0, NULL),
(198, 40, 3, 0, NULL),
(199, 40, 4, 0, NULL),
(200, 40, 5, 0, NULL),
(201, 40, 6, 0, NULL),
(202, 40, 9, 0, NULL),
(203, 40, 10, 0, NULL),
(204, 40, 11, 0, NULL),
(205, 40, 15, 0, NULL),
(206, 40, 16, 0, NULL),
(207, 40, 18, 0, NULL);

-- --------------------------------------------------------

--
-- Table structure for table `zadatak`
--

CREATE TABLE IF NOT EXISTS `zadatak` (
  `rbrZad` int(11) NOT NULL AUTO_INCREMENT,
  `pitanje` varchar(400) COLLATE utf8_bin NOT NULL,
  `odgovor` varchar(200) COLLATE utf8_bin NOT NULL,
  `rbrKat` int(11) NOT NULL,
  `slika` blob,
  PRIMARY KEY (`rbrZad`),
  KEY `rbrKat` (`rbrKat`)
) ENGINE=InnoDB  DEFAULT CHARSET=utf8 COLLATE=utf8_bin AUTO_INCREMENT=82 ;

--
-- Dumping data for table `zadatak`
--

INSERT INTO `zadatak` (`rbrZad`, `pitanje`, `odgovor`, `rbrKat`, `slika`) VALUES
(1, 'Ako je svaki element skupa A ujedno i element skupa B, a ti skupovi nisu jednaki, onda je skup A ____ ____ skupa B.\r\n', 'pravi podskup', 1, NULL),
(2, 'Svaku funkciju preslikavanja određuju dva skupa - domena i kodomena. Da ili ne?\r\n', 'da', 1, NULL),
(3, 'Za funkciju kažemo da je _______ ako je njena slika funkcije jednaka čitavoj kodomeni.\r\n', 'surjekcija', 1, NULL),
(4, 'Funkcija je injektivna ako različitim vrijednostima argumenta pridružuje ne nužno različite vrijednosti u slici - Da ili ne?\r\n', 'ne', 1, NULL),
(5, 'Funkcija koja je istovremeno injektivna i surjektivna se naziva bijekcijom - Da ili ne?\r\n', 'da', 1, NULL),
(6, 'Ako skup sadrži n elemenata, broj n nazivamo _________ broj skupa.\r\n', 'kardinalni', 1, NULL),
(7, 'Ako je skup A ekvipotentan (jednakobrojan) sa skupom B, onda postoji funkcija iz A u B. Ta funkcija mora biti ____?\r\n', 'bijekcija', 2, NULL),
(8, 'Kako se zove kardinalni broj skupa R (skup realnih brojeva)?\r\n', 'kontinuum', 2, NULL),
(9, 'Skup prirodnih brojeva je nadskup skupa realnih brojeva - Da ili ne?\r\n', 'ne', 1, NULL),
(10, 'Skup cijelih brojeva se označava slovom ____ ?\r\n', 'Z', 1, NULL),
(11, 'Disjunktni skupovi imaju ____ zajedničkih elemenata. Rješenje unesi kao broj.\r\n', '0', 1, NULL),
(12, 'Ako elemente nekog beskonačnog skupa možemo poredati u beskonačan slijed, kažemo da je taj skup _____.\r\n', 'prebrojiv', 2, NULL),
(13, 'Izračunaj Kartezijev produkt skupova {1,2,3} i {a,b,c}. Koliko elemenata ima partitivni skup dobivenog skupa?\r\n', '512', 2, NULL),
(14, 'Funkcija tangens((pi/8)*x) nije primjer bijekcije sa skupa <-4, 4> na skup R. Da ili ne?\r\n', 'ne', 2, NULL),
(15, 'Za skup kažemo da je beskonačan ako nije _________.\r\n', 'konačan', 1, NULL),
(16, 'Dvije osnovne vrste beskonačnih skupova su prebrojivi i _________.\r\n', 'neprebrojivi', 1, NULL),
(17, 'Ako je skup prebrojiv, onda njegov kardinalni broj zovemo ____ ____. Odgovor se sastoji od dvije riječi.\r\n', 'alef nula', 2, NULL),
(18, 'Kardinalni broj skupa R realnih brojeva označavamo sa  __  i zovemo kontinuum.\r\n', 'c', 1, NULL),
(19, 'Najveće cijelo broja 3.14 je ____ (unos mora biti broj).\r\n', '3', 3, NULL),
(20, 'Najveće cijelo broja 3.99 je ____ (unos mora biti broj).\r\n', '3', 3, NULL),
(21, 'Koliko ima parnih brojeva između 12 i 50 (uključivo)? Rješenje je broj.\r\n', '20', 3, NULL),
(23, 'Koliko različitih automobilskih tablica je moguće napraviti za jedan grad? Format tablice je XXX-YY, gdje je X znamenka, a Y slovo. Pretpostavi da koristimo abecedu od 22 znaka, a rješenje mora biti broj.\r\n', '484000', 3, NULL),
(24, 'Ako skup ima 3 elementa, koliko taj skup ima mogućih podskupova (uključujući i prazan skup)? Rješenje je broj.\n', '8', 3, NULL),
(25, 'Na koliko se načina 6 putnika može rasporediti u autobus s 15 sjedala?\r\n', '3603600', 3, NULL),
(26, 'Broj načina na koji se 30 učenika može rasporediti u učionici od 30 mjesta je jednak (30! - 1). Da ili ne?\r\n', 'ne', 3, NULL),
(27, 'Na koliko načina se može od 11 nogometaša napraviti jedan nogometni tim (u nogometnom timu igra 4 igrača i 1 golman)?\r\n', '462', 3, NULL),
(28, 'U LOTU 6 od 45 ima _____ kombinacija.\r\n', '8145060', 3, NULL),
(29, 'Koliko je mogućih ishoda bacanja 5 različitih kocaka?\r\n', '776', 3, NULL),
(30, 'U pokeru se dobiva 5 karata od 52. Njihov poredak nije važan. Na koliko načina se može dobiti tris i par?\r\n', '3766', 4, NULL),
(31, 'Koliko različitih djelitelja ima broj 10! (10 faktorijela)? \r\n', '270', 4, NULL),
(32, 'Nađi broj cijelobrojnih rješenja jednadžbe: a+b+c = 28, uz uvjete:  a ≥ -3, -5 ≤ b ≤ 10, c ≥ 4\r\n', '248', 4, NULL),
(33, 'Koliko ima kvadrata na šahovskoj ploči dimenzije 20 x 20, koji se mogu sastaviti od osnovnih?\r\n', '2870', 4, NULL),
(34, 'Na koliko se načina 27 jabuka može podijeliti na desetero djece tako da barem jedno dijete ne dobije niti jednu jabuku?\r\n', '91918730', 4, NULL),
(35, 'Koliko ima neparnih djelitelja broja 46 800 koji su djeljivi s 3?\r\n', '12', 4, NULL),
(36, 'Koliko se četveroslovnih riječi može sastaviti od 30 slova hrvatske abecede ako se svaki suglasnil smije pojaviti samo jednom?\r\n', '682725', 4, NULL),
(37, 'Na koliko  načina iz špila od 52 kvarte možemo odabrati 4 karte, a da među njima bude barem jedna crvena karta?\r\n', '255775', 4, NULL),
(38, 'Koliko se različitih riječi može složiti od svih slova riječi MATEMATIKA tako da samoglasnici ne budu jedan kraj drugog?\r\n', '3600', 4, NULL),
(39, 'Koliko ima djeljitelja broja 4800 koji su djeljivi s 3 ili 4?\r\n', '36', 4, NULL),
(40, 'Koliko ima brojeva između 1000 i 2000 (uključeno) koji su djeljivi s barem jednim od brojeva 2, 3 i 5, ali ne sa sva tri?\r\n', '700', 4, NULL),
(41, 'Snop od 52 karte sastoji se od 13 karata različitih jednakosti u svakoj od četiri boje. Na koliko načina možemo odabrati dvije karte različiti jakosti?\r\n', '1248', 4, NULL),
(42, 'Snop od 52 karte sastoji se od 13 karata različitih jednakosti u svakoj od četiri boje. Na koliko načina možemo odabrati dvije karte istih jakosti?\r\n', '78', 4, NULL),
(43, 'Na koliko se načina deset jednakih predmeta može podijeliti na četiri osobe (moguće da neka osoba ne dobije niti jedan predmet) ?\r\n', '286', 4, NULL),
(44, 'Na koliko se načina deset jednakih predmeta može podijeliti na četiri osobe tako da svaka osoba dobije barem jedan predmet ?\r\n', '84', 4, NULL),
(45, 'Jednostavni graf se sastoji od bridova i _______ (nadopuni s jednom riječi).\r\n', 'vrhova', 5, NULL),
(46, 'Neki vrh grafa ima 5 susjednih vrhova. To znači da je stupanj tog vrha jednak 4. Da ili ne?\r\n', 'ne', 5, NULL),
(47, 'Koliki je stupanj krajnjeg vrha? Odgovor je broj.\r\n', '1\r\n', 5, NULL),
(48, 'Za graf kažemo da je regularan ako su svi njegovi vrhovi istog stupnja. DA ili ne?\r\n', 'da', 5, NULL),
(49, 'Graf kod kojeg su svaka dva vrha susjedna zovemo ciklički graf. Da ili ne?\r\n', 'ne', 5, NULL),
(50, 'Postoji li grupa od 5 ljudi u kojoj se bilo koja izabrana trojica ljudi ili međusobno poznaje ili međusobno ne poznaje? Da ili ne?\r\n', 'ne', 6, NULL),
(51, 'Graf na slici je bipartitan. Da ili ne?\r\n', 'ne', 6, 0xffd8ffe000104a46494600010200000100010000ffed008450686f746f73686f7020332e30003842494d04040000000000671c0228006246424d443031303030616134303330303030616130353030303063313038303030303532303930303030663430393030303064663065303030306661313330303030626231343030303033613135303030306334313530303030613731643030303000ffe2021c4943435f50524f46494c450001010000020c6c636d73021000006d6e74725247422058595a2007dc00010019000300290039616373704150504c0000000000000000000000000000000000000000000000000000f6d6000100000000d32d6c636d7300000000000000000000000000000000000000000000000000000000000000000000000000000000000000000000000a64657363000000fc0000005e637072740000015c0000000b777470740000016800000014626b70740000017c000000147258595a00000190000000146758595a000001a4000000146258595a000001b80000001472545243000001cc0000004067545243000001cc0000004062545243000001cc0000004064657363000000000000000363320000000000000000000000000000000000000000000000000000000000000000000000000000000000000000000000000000000000000000000000000000000000000000000000000000000000000000000074657874000000004642000058595a20000000000000f6d6000100000000d32d58595a20000000000000031600000333000002a458595a200000000000006fa2000038f50000039058595a2000000000000062990000b785000018da58595a2000000000000024a000000f840000b6cf63757276000000000000001a000000cb01c903630592086b0bf6103f15511b3421f1299032183b92460551775ded6b707a0589b19a7cac69bf7dd3c3e930ffffffdb004300090607080706090808080a0a090b0e170f0e0d0d0e1c14151117221e2323211e2020252a352d2527322820202e3f2f3237393c3c3c242d4246413a46353b3c39ffdb0043010a0a0a0e0c0e1b0f0f1b392620263939393939393939393939393939393939393939393939393939393939393939393939393939393939393939393939393939ffc200110800dc00dc03002200011101021101ffc4001b00010100030101010000000000000000000004010203050607ffc40017010101010100000000000000000000000000010203ffc40017010101010100000000000000000000000000010203ffda000c03000001110211000001fb83f3fc77fd01f3beceb9d299714a614a614a614a614a614a614a614a614a614a5f9ce5c3eb5e4fadbe8f1fd85ebe1fa93d0cd0929ad800000000189ca713646bd3425cfa6ce78772d0b65c77d0ef362a27a349cadaec0062729c4d918a84d4b81d66da939f40000012d529d33d642b6270c60db18a4e14800d796863bf400000003f3fc77fd0397cefabae7d37e14dc4de941b16a614cc19a2290f5a696c3af4985298529852985297e77970fac793eb6fa3c8f5d7acf40ccb573d6bb495e0ca5a86bcb431dfa09b34733a24a4d989ca7136462a1341e875ce79f72d0b404b54a547031c3ae0efd00c4e5389b227f4479de8f3e056d7607034ab4dc00001c71a9c2ce1b14eb3e4969df639d2000004d9a343797858750003e031dfef65f9ef6f5cfaeecdc4de94582e4c29936c153cca8a530a530a530a53703b679f433445f3dcb87d73c9f5b7d1e47aebd67a064292d5295000e39eb215800012efccae7d7b9c26f4d9cf0ee5a1680039f41c7b4b50031912d5c727527289f5137a0dc000000000025ab9ea76009ca3cda3b9c3bf0a84bbf43700000000000096afccfbe7f4c9fe6be879ddbbf162d2986db73fcefbe7f43abe73e8f9d0c500000000001e1fb8d496a334001e27b6d496a334000003ffc400251000020201030402030100000000000000020300011304111210202223053021314050ffda0008010000010502fedd6398cd47c66a4c95966599665996659966599665996659966599665996659966599666da3199cb406455d351f1ea79e9178c419bdff0dded3355cbc9b52f2c2d12eed4a150f5b0f3ae2e5f9aa095157d977b4cc373dc529210d94374bdefb9be247eb384bfc8b37bfa2ef699aae7b4a5243a5dd556e6d800215dec1e60bbe6a5f81421a3af35412a2aeb77b4cd573da52921d86cdae97777f52fc5ad0e54b3e63d097f916d4cc373da52921db77555b9b6000857d6df1287eb3bbda66ab9ed297a7594f35412a2aec366d74bbbbfb59544b5ea28c3669c52844fb097f9166f72eeaab736c0010afb358f631ff1fa873155c62dbc599634b9506a395659966599619d1d5ea49560792659966599665996659966599a3196f2d0191574d47c7a5c68482171be25d0fd67d6eeaab736c00a0a25fe419bdf6fea661b9ed298465e985cc528543dac1e60a2e6b9fb8bf0286cdae97bdf531a3af35412a2afd4cc373da530875715d080d00f7afc5bd1d5b8030b50200215d9fa9986e5adb7602165da1e6dfa1be250d9b5d2f7b3f59f4fd4cc373da5308f531a3af35412a2ae8e2ba101a01fa1b556b599bc00042a5edb2dd437ed29843e825fe459bdc0f36fd06cdae977761e0ccc373da530846072159f31fa4868e9a4c48ab8e3eebbaaab22641358cf69462444bb0fd67f5079b497f9066f7d9ac7b18fd0b1ae1f0996668c3e60b7f20cd334cd32ef16ee179a6699a6699a6699a668d7ec2074039a1189d11130b406455d351f1ea71a12085f62fc5bd8d0e54b3e63de1e6d84daabe0670f46b2b528543f437c4bb4fd67dce2ba1e62bae06704686beb60f3051735f67ee2fc0bb09b556204f608d0d7dcbf16f6b43952cf98c26d55f03387eb580d00fdedf12ee6b294ce06704686a079b7f8183cc145cd7d49b557c0ce508d0afc0a38ae8406807f857e2d84daabe06704686ba343952cf98879b7f8be4352d66afe2f50c7a4582359a6699a6699a6bf52c66abe11e6dd3ff16abe311a8669d0bd3afbb55f188d4b34e85e9d7fe2ff00ffc4001f1100020300030100030000000000000000010200031104123040203150ffda0008010211013f01e3f1cdedd44b10a3153e77de295d311fbaf6115d90eac277cd9430c300cfb78fc737b7512c428c54f9df70a574c47eebd8457643aa613be6ca18618067dbc7e3b5edd44b10a3153e77dc295d311c3af6115d90ea984efefcd9430c300cfe0939f8139f27ffc4002111000202020202030100000000000000000102001103120430102120314050ffda0008010111013f0176d4406c5f5e5ca310b311b61708bec2a1bd1fdcedac06c5f5e5ca310b311b61708bec2a1bd183f6bb6b01b17d79728c42cc56d858845f63286f467d7f078fc76ceda89910a3153e78fc76ceda89910a3153d2aec86d4c26fefca3b21b5309b3efe3ffc40034100001020207060504030003000000000001000203111221223341519110132031329230526271a1404281d16172822350b1ffda0008010000063f02fad7cdc640c80c910e0f7d13cd5d44d15d44d15d44d15d44d15d44d15d44d15d44d15d44d15d44d15d44d15d44d15d44d15d44d15d44d15d44d15d44d15d44d15d44d15d44d15d44d15d44d15dbd1712653a8649cd2674796d2fadae3920d659773feca8b8517e5f455ab00bfd94dc5b0c6ab19799dcff000ac9737db1545bc0f68a8f5b55a1ee322ab9bd99e214c198f16b56017fb2e619f254dd68fa95168a4ec82a510cce580e363f2322b79f69eafdeca50cd177c1545c28bf2f06b56017fb2e619f254dd6cfab64c990566cb3cd895268f00b73427f95ba3fe7db649c26ab9bd99e214da66382b56017fb2e619f254dd6cfab8288149f92a510cce580f0dedced055750ac29ea36d28668bbe0a93ec3bf956017fb2e619f254dd6cfab8664c82b3659e6c4a934788c7e464766f3ed3d5fbd96017fb2e619f255b14ffb2ae6f67c8536998e1a20527e4a9443339603c670354d0a20b9d8c95745835541f6bca5d5d5c34a19a2ef82a8b8517e5b264c82b3659e6c4a93478af9b8800c8045a4b886e204ca9ba1c571f504f6eedf5da152bb89a2aa1c40e1583253ddc4fe6a5771345771345771345771345274279fc2a3bb8913f15841ef6bdf9485415dc4d15dc4d15dc4d15dc4d15dc4d15dc4d15dc4d15dc4d15dc4d15dbf445c4994ea19273499d1e5b69da693ce4a83055b18fc8c8edde7da7abf7c13264159b2cf362549aa943345df055170a2fcb8ab56017fb2c18352a6e9bcfa93de0968e5562a8b788b7340e38eddd1ff003edb288149d92a512b39603824e1355cdeccf10a6d330ab56017fb2c19f254dd379f56d937a9d5041a390f01edced0db39d12dac1566c37138a93786b56017fb2a4c2d84759a9440779eaaf4e22fc1b50f058fc8c8eca20527e4a94433396016f3ed3d5fbdb5ab00bfd960cf92a6e9bcfab6c9c26ab9bd99e214c198db26f53aa0834721e0b838c8490958189c549a3657c96e84dfe592c18352a6e9bcfabc0a50cd177c1545c28bf2d85f836a1e0d10293f254a2199cb009ed3cba95805fecb060d4a9ba6f3ea5554e1c94f51e149c26a5d73a81c42140cdbc73264155619e62a509a5fedfb5833e4a64474dd23234b8779f69eafdf865f836a0a943345df055170a2ecb85f3710019008d32e750e554d4dd0e2bcfa82bb89daaee276a2dddc4afd281ddbe78d4aee276abb89daaee276abb89dab765913d3560aee276abb89daaee276abb89daaee276abb89daaee276abb89daa4d63e91a854834438957f0aee276a93a13cfe11a4e7191900704e6933a3c8eda769a4f392a0c1570bd99da1c35750ac29ea3c02fc1b50d945b69d9056dd21e56a9b66cf6545be0b1f9191e2de7da7abf7c726f53aa0b76c9b88c02b6e90f2b549a243c42dcd038e3c5ba3fe7db868b6d3b208be21935b500d526890f1decced0e2aba85614f51b28b6d3b20adba43cad5458244d41068e43e818fc8c8f1d26daf301ff00aadba43cad526890d85f836a1f425b9a071c7828b6d3b20bfe4748795aa8802592dd1ff3edb24dea7541068e43e89edced0d945b69d9056dd21e56a934486daba85614f508bf06d43e8df6880d32002222988e0d32a873526c3781fd57444ed5d113b57444ed5d113b57444ed512d39a01e5c939afae81903f47bc349ae3ce58addc3121c7bc349aec658addc3121ff4dfffc4002a1000010204030901010101000000000000010011213141516171e110203091a1b1c1d1f181f04050ffda0008010000013f21ff006b294b00b40a07f0021e164fd07b4fd07b4fd07b4fd07b4fd07b4fd07b4fd07b4fd07b4fd07b4fd07b4fd07b4fd07b4fd07b4fd07b4fd07b4fd07b4fd07b4fd07b4fd07b4fd07b4fd07b4587211881ed10bc703d2229e020e338d36bd09f194a7f70d8f11703882839ba57235ff1001c80172a589e18739233207ceae724e9c73f2c944fe23577926ba5a649993b8424992ed8d7fb159d2c49a1ff008055ba051892238a0072005ca9425861ce49a68787c13a89789d6008d2cec8e208520df3e5c8eaca59630db60a0de131dc0879ba57235e0801c80172a589e18739269e1e1f04ea25c27d87410264abcde0e405010b9a9e004950c9f83121831aa3242c8391ad9f9b21d84ffc02add03884911b80072005ca9625861ce49a78787c13a89709f702f2b1f3643410a41c3301f513ebdd123d8aed8a1433195836da506f098ee04e1bc0281c8a9425861ce49a78787c13a89709f74e8204c9579bc1c80a0217353c4f9723ab6c9658c3640039200b952c4f0c39c934f0f0f820b18ee4ed9593f3447f4503884911ba17958f9b21a08520e3070c00339a231b3a4c1f392209044cc08fd289b301cc8b4296e141bc263b817eee95c8d761d040992af37839014042e6a78ae35300b33224806ef440fc4a71489603afaf7d9a51b83652a5688805077777758b652595381d5215ca0708b777777774b03908c5229c01e80229e020e38d369199a933400c83993b3e5c8eadb65963c7707410264abcde0e404c41ae6a5141bc263b8107374ae46bbc480720062a509e18739269e70df041fcc04fd249e66e8c4267c7e26ba5a649993bc125432393a1b35761000821c1464859448d6cfcd817959f9b2388a0520fe0ee41b09ff8055ba07109508900e400c54a13c30e724d3c8f0f820f66027e9252d95197eb752081b8180fa89f5efb47038834285089944aac3da610d7353ba480720062a509e1873922f314c0ea51081cb0d87b14b77eaaea7c707e5c8eadb02f2b1f36471042902259630db68900e400c54a13c30e724d3c8f0f820fe6027e925296c83613ff0000ab740a312446da8cbf5ba9040dc11702444d11ee57146aca0217353b2361b9d1c85b9ab16794134f386f820f66027e925296f941bc263b810f374ae46bb3eaaea7c7042f2b1f3643410a40820580142f8cfaf75284f0c39c934f386f820f66027e924d0f72e762850cc6560db850ec26d090f755d321000408df3a0813250673bb30e5ed0979548bb9c51a791e1f04f58b813c0eaca5b92cb1e3c37d55d4f84506f098ee041cddab91aeebbd4c12ccc9806262fee39ba01d880e749268d80024e0191f6826c5aee000100209819848c6344abd1c1000000002b27fbb4c90036c83444ad09108480f7453c041c9b1a6d277feb2801904712777017513ebdf7491ec576c50a198cac1b703eaaea7c6c620794e765d4c1dca7c974358a6ba59dc9332783f2e4756de9658f1df5465fadd00800eded345d4d1dca630b0388125432393a1b35774800410e0a3242c8391ad9f9bac40f2dceca34007a7773d1318d81c7c05d44faf7de247b15db14286632b06db1881e5b9d975347729a018b640adfca9040dfe0f9723ab6f96bae85358aca67193b94c61606cfaaba9f1fe1092a191c9d0d9abb8c40f2dcecba923b94da2b4208c90b2895ecfcd95197eb752081bfc580fa89f5efb1881e539d9753477298c2c0da48e62bb62801631958365f55753e3fc6fc9ece3304c3f13bc2b0110159ac4cd6266b1335899ac45a0c481344238a331fa80ff0019592a8a05b163893be4242a6341b60c7127fe37ffda000c030000011102110000101c8c30c30c30c30c3014940bc3cf3cf3cf30b04883f24530d3cc2c52891cf3cf3c730e10b3cd0cf3cf3c1c0400c30e28430c30049003d2c53433cc38f14683f3cf38b14e3c128d3853cf3cc08f3cb3cf3ce20f3c0e8620c30630c30d18349043f3cf3c634f3c924493f3cf2cf3cf14e3453cf3cf3cf3cd3ce30520f3cf3cf3cf3c5cd4308c1f3cf3cf3cf3c462f3c042f3cf3cffc4001e11010100020203010100000000000000000111003121301040612050ffda0008010211013f1068b21736b475c277083439604711577d71cd30043dd68b2739b183ae33b841a1ce201f988abbeb8e698021eeb05939cdad1d719dc21a1ce201f988aedd71cd300435fc1315c1a5f262b834bd283bcd7941de6bf3ffc4001f1101000202010501000000000000000000010011213031102040416150ffda0008010111013f101b984035d46b8267860609000d6451640028f344db0806ba8d00cf0c0149000d6453640051e689b6100d751ae19fba00a480051ac0a2c800a3f0582d62f3395a1eb616bde672b469c423f222be5d7008fc89664f6fffc4002910010001030205040301010100000000000111002131416151718191a11020d1e13040c1b1f1f0ffda0008010000013f10ac7ec4fb155976809306b699a4be98852264add3fc4fd650a142850a142850a142850a142850a1428513a7f94414d1e062050b0c4da677a9af78e40327588ecfac61c5e12f1446fca82411262982f2124311ca80234124dfa4f3c4fd24e479480a55a213fedc7950f52945939a0766a04d7ddad8ef1c8d6a616660cb8b06fbd40613213c52fb00d08fd4b0e4a33b55121b6805927447539d70f7a090d9a772fb39ab8881123f95391e520294386a7fdb8f2ad61743e660766a040f72dbc8c1d0a1495364e2b039f49a4ecd26bfb1abbbd23df6058ec1940d3e33ece861db950cd0a174c53fd4dcbf3a20882c926fd279e27e14e579480a55ff0090b7c7956b8ba1f3303b350205b96de460e85000010140d0251005624f66c0dec1bbd0d69cc02ca329c55baf3fc08f40f2e0e8f4a8ed65e2d0b0ee34e9126eff00b30e51e8f81949c8f11c8ee570f7a090d9a772fb39ab8001123ec4e579480a54e1299bbf1e55ae2e87ccc0ecd40816e5b79183a140000407a9762245b871581bbd2691b349afec6aeef48fc776d90f10764d01a1b6338ece1d9a0131ab32795ea282fa29fea6e5f9d4ac4496c0e3813c9a94a1c35f371e55ae2e87ccc0ecd40816e5b79183a140000407b01a04a200ac496cc00dec1bbd0d69cc02ca329c55baf3fc96063b067a1c1d19f67430edca929cdd480a55a213fedc7956b8ba1f3303b3515e24ed71185c828004160a4770c772fb3570002247da5d88917071581bbd2691b349afec6aeef48fccc04a9a0ddd29de680b33649c653ad1d60814a709607669594fafb006c3858c234008080f60a1be8a7fa9b97e74408d04937e93cf13d01a04a200ac496cd81bd8377a1ad39805946538ab75e7f871ec93d1da0a4c1ada668234c4d84989316dc7350e1772dbc8983a1563b6002c36d5c1349fd2f9a56988858e37c38766a0c32b1b1e4cd4fe97cd4fe97cd4fe97cd4fe97cd229366f70f11991dca858464301b584df3b3407c04d09bbbbe2a7f4be6a7f4be6a7f4be6a7f4be6a7f4be6a7f4be6a7f4be6a7f4be6a7f4be68d8d32881e69198c860142c313699dea6bda396064eb11d93d558b4b007c511bee5493b4aaca32aeafa7001d833d5e0f8cf869d0c3b72a99f5068128802b165b30037b06ef435a5f04b28ca7156ebce8505e453fd4dcbf3a00882c926fd279e27b9c905d54052870866efc7956a99a1f3303b34d220b965e583a141431b50b4811d747155f7064278a5f758787970747a501b0a070361dc7d0cb0a112c94e910cf7fd98728f42ec648b838ac0dde9349dda4d7f6356ef48f62e0652723c474772b87bd0486cd3b97d9cd5e000248d3922baa80a51742337763cab54dd0f9981d9a61845cb2f2c1d0a000000687a0a4b0da5fe025e9528e087177fc1c1a87883b27d4824a9d80b8ece1d9a962484c590d39ba1ad39825946538ab75e7ed7241755014a1942337763ca8ec8c8afecb07705e745ce5ce6c6a1c813528000001a1edb86f2effca0e878fe1e00243967a05d88917071581bbd2693b349afec6aeef48ae0f8cfb3a1876e5433e8e482eaa0294328466efc7956a9ba1f3303b351708b965e583a1400000180f45c0ca4e4788e8ee570f7a090d9a772fb39ab8881123ea292c3697f04bd2847410e2eff00850438541bba54df2c1cb0b03a12377b6b4e60165194e2add79fa664589a31bd64c4cd2714e25867115aa6687ccc0ecd44c22e597960e85000000603de285d314ff5372fce88220b249bf49e789e970de5dff941d0f1fc25d88916e1c5606ef49a46cd26bfb1abbbd22a158caa00b3c13450e10cddf8f2ad53343e660766a261172cbcb07429e2560f60fe38766804c6acc9e57e27c0ca4e4788e4772a5b0ad255d41884b25edae6882023267efde0d025100521569283dae0ddd0d69ca03304e22597ad6a9ba1f3303b3580048a5998c11a05000000343d834f8cb869d0c3b72a19fc574de5dff941d0f1a1437d14ff005372fce80221b249bf49e789ed919bd20a4c1ada668c8be398b4eac438858a8918b8b8f2c1d0a0101068521f6a83c4794ace8f4a7d328380d8771a87daa87daa87daa3ac10962533040a94f01de51ca2a1f6aa1f6aa1f6aa1f6aa1f6aa1f6aa1f6aa1f6aa6c26e3b2d7a12f4a19f30be5dea1f6aafab649723c46647729c18f58a01211a2eb7a97f6866064eb11d93d578ca6621f1446fb94bb1ca565595757db76590f10764fb40d0db19c7670ecd0098d5993cafc170de5e1bf283a1e3e8e41f37ba98ea6b3a6f540f95e91d6a79e717988461dcabec1249e297f0d8163b067b8e0f8cf869d0c3b72a19f70a4b0da5fc12f4a2360ca4df075359d33aa27caf48eb444bb0307e447a07970747a5583540e06c3b8fb4cb0a112c94e9126eff00b30e51ed720d9bdd4c7535329ca2184f237308c34449b0307e7e0c43c41d93ee03436c671d9c3b3402635664f2bd1c8366f7531d4d674cea89f2bd23ad628b58059e827a2847410e2eff00a1b03b067bc1694975de310c32e39519ead502775e91d688976060f4b86f2eff00ca0e878fe8d8787970747a501b0a070361dc7d8e41b37ba98ea6b3a47540f95e91d6ac86d1808734e910cf7fecc3947a0a4b0da5fc12f4a11d0438bbfe95db643c41d93e8720f9bdd4c75359d33aa27caf48eb444bb0307a834a71e871d9c3b353246acc9e555c17977fe50743c7f4e74358c6634d589a081e46509307763a6f3454bb0a0f72cb2cb24b23aea18106ccb48520a3284c3c53fbfa716029906e446fbd4ce849595655d5f7e384741b911bef48ed12565595757f70fc5fffd9),
(52, 'Bipartitni graf ne može sadržavati trokut. Da ili ne?\r\n', 'da', 6, NULL),
(53, 'Kako se zove šetnja po grafu u kojoj su svi bridovi različiti? Odgovor je jedna riječ\r\n', 'staza', 5, NULL),
(54, 'Ako postoji šetnja između bilo koja dva vrha grafa, onda je taj graf ______.\r\n', 'povezan', 5, NULL),
(55, 'Povezani graf je eulerovski, ako postoji zatvorena staza koja sadrži svaki brid tog grafa. Da ili ne?\r\n', 'da', 6, NULL),
(56, 'Koji matematičar je iznio slijedeći teorem: "Povezani graf je eulerovski ako i samo ako je stupanj svakog vrha paran."? Odgovor je jedna riječ\r\n', 'euler', 5, NULL),
(57, 'Svaki ciklus koji ne prolazi svim vrhovima nekog grafa zovemo hamiltonski ciklus - Da ili ne?\r\n', 'ne', 6, NULL),
(58, 'Rastavljajući skup povezanog grafa je skup bridova čijim uklanjanjem graf postaje _________.\r\n', 'nepovezan', 5, NULL),
(59, 'Rastavljajući skup i separirajuči skup su jednaki skupovi. Da ili ne?\r\n', 'ne', 6, NULL),
(60, 'Povezani graf je skoro eulerovski onda i samo onda ako ima točno ____ vrha neparnog stupnja. Odgovor je broj.\r\n', '2', 6, NULL);
INSERT INTO `zadatak` (`rbrZad`, `pitanje`, `odgovor`, `rbrKat`, `slika`) VALUES
(61, 'Najkraći put od A do F iznosi _____. Odgovor je broj', '9', 7, 0xffd8ffe000104a46494600010101006000600000ffe1003a4578696600004d4d002a00000008000351100001000000010100000051110004000000010000000051120004000000010000000000000000ffdb0043000201010201010202020202020202030503030303030604040305070607070706070708090b0908080a0807070a0d0a0a0b0c0c0c0c07090e0f0d0c0e0b0c0c0cffdb004301020202030303060303060c0807080c0c0c0c0c0c0c0c0c0c0c0c0c0c0c0c0c0c0c0c0c0c0c0c0c0c0c0c0c0c0c0c0c0c0c0c0c0c0c0c0c0c0c0c0c0c0c0c0c0cffc000110800b1011c03012200021101031101ffc4001f0000010501010101010100000000000000000102030405060708090a0bffc400b5100002010303020403050504040000017d01020300041105122131410613516107227114328191a1082342b1c11552d1f02433627282090a161718191a25262728292a3435363738393a434445464748494a535455565758595a636465666768696a737475767778797a838485868788898a92939495969798999aa2a3a4a5a6a7a8a9aab2b3b4b5b6b7b8b9bac2c3c4c5c6c7c8c9cad2d3d4d5d6d7d8d9dae1e2e3e4e5e6e7e8e9eaf1f2f3f4f5f6f7f8f9faffc4001f0100030101010101010101010000000000000102030405060708090a0bffc400b51100020102040403040705040400010277000102031104052131061241510761711322328108144291a1b1c109233352f0156272d10a162434e125f11718191a262728292a35363738393a434445464748494a535455565758595a636465666768696a737475767778797a82838485868788898a92939495969798999aa2a3a4a5a6a7a8a9aab2b3b4b5b6b7b8b9bac2c3c4c5c6c7c8c9cad2d3d4d5d6d7d8d9dae2e3e4e5e6e7e8e9eaf2f3f4f5f6f7f8f9faffda000c03010002110311003f00fdfca28a2800a28a2800a28a2800a28a2800a28a2800a28a2800a28a2800a28a2800a28a2800a28a2800a28a2800a28a2800a28a2800a28a2800a28a2800a28a2800a28a2800a28a2800a28a2800a28a2800a28a2800a28a2803ca3f6a3fda1a6f81fa87c35d16c56c23d5be2978be2f08d85edfa97b3d3a53617b7e649515d1a4dd1d8491222ba969668b9c6697f63afda16f3f68ff00855a9ea5aa585ae9fae7867c4fadf847545b472f697173a5ea37162f710e492b1cde409446c59a2f30c6cccc858ea7ed4be0fd1fc77f04f56d375f87c02da4bf9734b378cf4f8f50d1ec5e271245712dbc8c89298e548dd54c91e1943070546782fd99340d33f67af821a3f80fe12f84f5ef11697a599e57d6758d9a3d9ea1797133dcdcddcb218959da79e59652d696ad00321081102a0da9d09cd5d2d3becbef7a19d4ad08bb37af6ddfdcb53dfe8af3f3e0bf1f78a86ed57c6569e1d85be616fe1cd36369a2f556b9bb12ac83dd6de23cf63834e5fd9b3c3378ecfab36bfe24693fd626b1adddde5b487d7eccd27d9d7fe031a8f6aaf674d7c53fb95ff3b2fb9b27da547f0c7ef76fcaff008d8eb75cf17e93e195dda96a9a769eb8ce6e6e521e3fe044573537ed29f0e6de42b278ff00c131b29c10dae5a823ff001fab5e1bf809e05f06ff00c81fc17e13d2792dfe87a45bc1c9ea7e5415d243a5dadbaed8edede35e9858c0a3f70bbbfb97f987ef9f65f7bff2398b3fda0fc03a8bedb7f1c784276f48f59b763fa3d6de95e38d175dc7d8758d2ef33c8f22ea3933f913562e7c39a7de2ed9ac2ce55f47815bf98ac3d5be09782f5f565bef08f85ef55ba89f4a824cff00df4a68fdc3eebee7fe41fbd5d9fdebfccea28af3f83f654f86b623fd0bc0be15d2db39dfa769d1593e7d774214feb4e1fb38e856d3996cf54f1b69f27f0f93e2cd4da28fe90bced10ffbe28e5a1fccff00f015ff00c907356fe55f7bff0023bea2b815f853e28d2a46934ff893e2297fb96faad8585ddba7fdfb82299bf1949f7a037c50d0546e5f01f8ab2792a6eb422a3d81fb6063ec4a83ea28f609fc334fef5f9a4bf10f6cd7c517f83fc9b7f81df515c0bfc6fbbd0777fc243e09f196911a10bf69b5b45d62090ffb2b66d2cfb7dde14fcb9adef04fc56f0d7c486b84d075ed2f569accedb982dee55e6b46feecb1e77c6dc8e1803cd4cb0f522b99ad3bad57deb42a35a0df2df5edb3fb9ea74145145626814514500145145001451450014514500145145001451450014514500145145001451585f10be22e99f0cf435bed49e666b8956daced2de332dd6a170c0958218c72f210ac70380aaccc5555985463293e58abb2652515796c6cdedec3a6d9cd71713476f6f6e8649659182a46a064b313c0007249e95e7b1fc54d6fe2aaedf00d95bae94fff003336ad13fd8641cf369029592ec703126e8a121c324b2e0ad374ff0085fa97c54bc8754f8811c2d6b1b89ac7c2d13f9b636641ca3dd374bab8070d83fb98d82ec566413b7a45747eee97f7a5f82ff3fcbd518fbf53fbabf17fe5f9fa1c4f867e03e8fa5eb56fac6b135f78b7c436cfe643a9eb2eb3bdabf2336f12aac36dc1c130c68580f98b1c93db51456352a4a6ef27fd7976358538c15a2828ac0f89bf14bc3bf06bc1b77e20f146af67a268f62332dcdcbe1727a2a8196773d02a82cc78009af9dadbfe0a49ae7c4a06e3e18fc11f883e36d1f3fbad56e42e95677639f9a27757de38ef83ea05756172ec46222e74a3eeaeada4bd2eda57f99cf88c750a3250a92d5f449b7f724dfe07d51457cc9e1dff00829a68de1ff13da68bf14bc13e30f849797cfe55bde6b56c5f4b99ff00bab72a00fab6dd80725857d2f697715fdac73c124734332092392360cb229190411c104739159e2b035f0f6f6d1b5f67ba7e8d5d3f932b0f8ca35efeca57b6eb66bd53d57cc928a28ae53a428a2b17e2278f6cbe1a7842eb58be59e68edca4515bc014cf793c8eb1436f10620196595d234048059d412073401b54579a7ec7df1af56fda27f673f0df8c75ed2b4fd0f58d605c0bbb0b0bb6bcb6b4922b9961291ccca86551e5fdf289bbaed5ce07a5d01b8573fe37f855e1bf891f676d7345d3b529acc96b5b89611f68b36e46e86518789b93f3230233d6ba0a2aa33945f345d99328a92b495cf3b6f879e2ef876be6784fc4526b96318e345f13cef38da0602c57e035c21cf25a71724e3036e72373e1efc54b2f1f4f7962d6b7da36bda58437fa45faaa5d5a07cec93e52c9244fb582cb133231475ddb91d571ff00688fda7fc19fb2df841358f186aab66b70c63b3b4897cdbcd42418ca4310e5b195c93855dc37100d7cefe23fda77e2efc5af14f877c51e0dfd9cbc52b6fa0cd2c905e6b1acdbe93777d692c6525b678645dcb1bb08a4e198178226c1da0d7af87c0d7c553f6928a4b5b49b8c536ba5db4a5e7d55eedf43cdaf8ca3879f245b6fac52726977b24daf2e9d12ea7d91457cdbe00ff8291e8e9e36b4f0b7c50f09788be10f88b503b6d3fb6d77e9b7ad903115d80aadd7ef32aa6703764815f4957062b055f0cd2ad1b5f67ba7e8d5d3f933b30f8aa55d3749dedbf46bd53d57cc28a28ae53a028a28a0028a28a0028a28a0028a28a0028a28a0028a28a00c5f883e3db1f86de179b54bf13caaac90c16f6e9bee2f67760914112e46e91dc8550481939240048e7fe1b7c38be3aeb78bbc59e45cf8b2f2268618627f32d7c3f6cc41fb25b120649daa659880d33a8242c691451d0f01c1ff000b83e214be33bafde689a14b3d8786223f7246198ae751c742d21df0c4d838855dd58adcb01e935d551fb18fb35f13dffcbfcfcf4e9af3c57b47cef6e9fe7fe5e5af5d0a28a2b94e80a28a2803e3af01783a1ff82867ed5de28f1478a231a8fc31f853aa3e83e1ed1a4f9ad353d463c7da2ea643c48a32bb41186578c1e15c3fb9fc4efda76cfe167c6df0c7c3a83c23e2af107883c55a1ea5ae6991e95f61481edf4f92d22b952d71730ed756beb5001183e67070adb7caff00e090f22d97ecbba968f30dbac787fc53a9586aaac30e2e448ac7777ced6419f6f6a67ed77f067c4df103f6e2f857e27b7f0478f7c41e0ff0c7823c59a46a77de19f135be897315d6a371a23dbc6ae350b4b8394b0b92594ed56f28e73865f633b9358a7865f053f762ba592dff00ede7ab7d6e79794c53c3aaefe29fbd27d6efa7fdbab44ba58f5df877e3df017edd5f005b5086c7fb6fc2bac4d79a65ee9fab58b4135add5a5ccb69756f2c4e03473417304a84af468f72311b58f8e7ec7173a97ecb3fb49f893e00ea77f75a97870587fc249e09b9b97dd2c364d21496d18f7d8fbb681ff3ce46e032aaf57ff04c2f809e2afd99ff0064db3f07f8aacedf4bfb16b9ac5d68ba689219aef4cd2ae351b8b8b382f678731dcdf2c52a99e70ce65959dda495d9a57e3ff68eb4bcf187fc1503e10e9be1fd47fb3357d1fc37aa5fdfdca40b3982da549228f72370419011cf42d9f4aacae4ea42ae166fdc7194b5d938aba7e4f4e57e4eda8b318a84a9e220bde5251f552766bd35bfaab9f5a515c19f87be35298ff85852671d46896d47fc2b8f19ff00d146bcff00c12da7ff00135e6fb187f3affc9bff00913bfda4bf91fe1fe67795c1fc7bfd9bbc2ffb4a68ba458f89dbc510a683a87f6a584fa078a754f0ede5b5c7912db96171a75c41310629e542a5ca90e720f1817e1b78cbf8be23ea3d7b68f643ff0064a1be1a78c188ff008b91aaa8ff006748b1e7f388d1ec61fcebff0026ff00e443da4bf91fe1fe660fec47fb2bdbfec6bfb3e69de06b7d6358d77ec977757725dea1aadeea0eed34ef2615aee79a4450a546d0fb4b066c067627d6ab82ff008561e2e279f895ad8e3f874ad3ff00ac2693fe15678b187fc94ef110f75d2f4dcffe939a3d8c3fe7e2ff00c9bff910f692fe47f87f99df555d6f59b6f0e68b79a85ecab059d840f713cadd238d14b331fa004d715ff0a9fc54473f147c53ff0001d374a1fced4d71dfb43fc11f186b7f003c73676ff11bc57a8dc5df87efe18ad1ac34c55ba76b69008c94b50e0312065595b9e083835a51c35394d45d4566d7f37ff2267531138c1c941e8bcbfccf36fd84be1b37ed39e2cbefda27c736ff006ed535dba960f08585cfef22f0f69b0c8d1a1453c095995fe603d5c63cd6af55d47f6d3d26d3e26f8f3c2b6be0ff001feafa8fc358ad6e75e3a6e9b15d7930dd46f2c12431a4c66b9de91c844704724a0ae0a06201afff0004e2f12d8f8a7f61ff0086f71a7b2b436fa4259c9b7b4d0b3452e7df7a31fc735e5bf0e3e26ffc2a7ff8281fed29acea9e13f899369ba959785e0d36e6cbc0dabdd5bead2dbdaddaca96d3a5b1865dad246a583ec52dcb00091d19cd69cf17522f4516e297649d92feb77a98e554e31c3424b5724a4df76d5dbfeb65a1ed56b71f0bff00e0a25fb3258ea56373a778d7e1ff008cad7ed1637b12b2b2905937a8751241711387465655923747475560cb5e73ff0004f4f1b6b9e10d4bc71f057c597d2ea9ac7c29bb8a2d3afe5fbf7fa54ebbed49ebf3228008ce155e35e7692743fe097ff017c53f00bf669d422f1969eba0f883c69e31f1178d66d052e63b85f0e47aaeab737b1587991931b3c51cc81fcb2c8243205675c31e27c3ff00f09078abfe0a8df14b53f04cfa4f99e17f0be9da76a30dfa3fd92fe790a4ab0b4b1e5a26d8ac04a164d851818df056b6cbef570d5b0f37eea8a92bfd992715f8a7cafbe9d8c71b6a75e9578af79be576eaacdfe16baedaf73ec0a2b90f01fc63b1f176b0fa2df5b5d7877c536f199a6d1b50dab3b4608066859494b8872cbfbc88b052c15f63e5075f5e454a7283b497f5fd753d484e325788515e029f15be2e783ff6c9f0bf8675e6f87baaf81fc796fac4f67a7e9763756faef86a1b11018eeee2e1ee1e1bc86433471c9b2dedfc896eedd034e3321f7ea82828a28a0028a28a0028a28a0028a28a002b89f8ff00ad5e58fc3d6d374bb896d758f13dd43a1d94f13059ad9ae1b6497099e37410f9d3807af938aedabcb3e25f8dfc3f73f1f7c05a5ddeb3a3c53692fa86abe5c9791abc53a5b8b550416c86297b2e0752377a1ae9c245ba97b5ed77f72bfe8618895a16bdaf65f7bb1e8fe1fd02cfc29a0d8e97a6db4567a7e9b6f1dadadbc43090448a151147a05000fa55ca15b70c8e41e411de8ae76db7766eac959051457cb7a7783ae7e12ffc1527479a3b0f175be85e36f05eac9fda23c4d71a869fadea49796770df6cb295b6dac96d16f5b6921050c7733c47ca58e1465d40fa928ae77c7df15345f86eb6d1ea171249a86a04ad8e9d690b5cdf5fb0c64450a02ec1720b3636a03b999541239aff00845bc5bf1786ef115c5d7837c3f20e345d32ef1a9dca9ed757919fdcf5e63b56c82bff001f0eac52b78506d73cf45dfbfa2ebf97768c655927cb1d5fe5ebdbf3ec99f377c4ef194dfb137ed79e28f1b783ed2f3c5de05f1322dc7c40d1f4981ee25f0d5da60fdb0b28f2e376593cc689d83307918809b593e95f859fb597c36f8d3a2c77de1bf1a787b508e440ed09bc486e6107fe7a42e56443ecca2bb3f0b78534bf03e836fa5e8da7d9e95a6da82b0dada42b0c5182493855000c9249f5249af9e7f6bffd85fe10f88be1a7893c4573e03d0e0d62de0371f69b257b2667dc32cc21640e4e4e4b024d7aff0058c262dc29d75252568a92b3bad97345db55b5d3db477dcf37d86270ca53a2e2e2eef95dd59eeecd5f7decd6fb5b63a8fda03fe0a05f0dfe02d8341fdb56fe28f134cc20b1f0fe8722dedf5dcedc246563cf97b891cbe09fe10cd853c5ff00c13fbc0da97887c77e3cf89de3c9e14f8a1e24992d2ef456478e6f0ad829fdc5af96e03059022b6ec1590468c0b1dec7d7be0dfec93f0d7f67eb8f3fc1fe0dd1745bcda63fb6243e6dded3c15f3e42d260f71bb06b77e20fc27d33e214d6b7923dd697ae69aac34fd674f658afac3760b0572acad1b10a5a2915e272abb91b0319fd6f0b4e94b0f87525cda39bb5ed7bdacb657decdbf3b68efead889d48d6aed3e5da2af6ed7bbdddb6d12fcd74f4579cd9fc57d53e195d47a7fc428ed6deda47115af89ad11934cba24e156e14926ce52781bd9a273b42cbbdc44be8d5e4d4a3286fb3d9f47fd7deba9e8d3a8a7b6fd5755fd7fc3051451599a051457877ede7a778ca1f829abebde13f8a5ae7c319bc37a6dd5ddbb691a1d86ad71ad6a05556cad5a2bb827f36379484fb3dbaa5c4f24b1a472a1f96400f71a2b8bb1f8973780fe10f87f56f882d63a47882eacad63d42cec43dcac9a8bc40c96d6a8a1a49dbcc0e111033b05e01ac8ff844bc45f1bdbccf1425c7867c2aff0073c3d05c0fb6ea2bff004fd3c6d8443deda1620818925915da15de142eb9a4ed1efdfd3bbfc3bb4632ad67cb1577dbfcfb7f564cf983c29f150ffc13dfe2ff008c65d1ecb52f167ecffac6a66e6e6fb4ab669e3f06ea2e4acd12b81b24815976b84244642a122556497ea2f067ed89f0abe206889a8695f10fc1f35bba072b2ea915bcd103ff003d2290ac919f67506bd034fd1ecf49d221d3ed6d6dedac6da15b786da288243146a36845403014000000600e2be79fda23f624f849a96abe19be6f87be1786e750f11dac174d6d662d84e8fbf70711ed0771c6491926bd7962b098c9afac46519edccacf9acb79276d7cd3d7aabeafcc8e1f13858da838b8f67756bf66afa7935a7476d157f8e3ff00051ff0ed84ff00f08afc2558fe2a7c46d514c7a7d8e8c7ed5636c4f1e7dc5c29f2c469d582bf181b8c6a778ecbf626fd98ee3f66df8677675dbe5d6bc73e2cbd7d67c4da98e45cddc84928a703e44c903800b17601776d1dff00c34f837e13f835a5c965e13f0de89e1db698869534fb38edfce23a172a0173eec49ae96b97118ca4a8fd5f0b1718b776dbbca56daf6d125d975d5b7a5ba68616a3abedf1324e4b4496895f7df56df77d34496b7c5f1dfc3bd1fe25690b65acd9add470c827b79524686e2ce500812c332112432004e1e3656193835c79d77c59f05b0bac25f78dfc2e9d354b4b60dac69cbff4f16f181f6a41cfef2dd449ca830b61a5af4aa2b869d66972495e3dbfcbb3fe9a675ce926f9a3a3effe7dff00ab58f00f829f0abe225ffc66baf88127c5cf01f8afc1be22b89265834cf063c37d2d8a8956d2c93503a8cd1886167dcdb6dc33c9e61ca17207bfd709e24f82ff0066f105cf883c1fa80f0b7882edfcdbcdb0f9da76b0d8033776d950ef80079d1b24c02a82e50142ff000a7c665935fb7f0ff8ab4fff008457c4d724adbc12cde7596aa4024fd8ee76a89b015898d95265552cd12ae18d4a8a92e6a3aaedd57f9faaf9d89559a76a9a3efd1ff97a3f95cee28a2b1756f891e1dd07511677daf68b6576c768827be8a3909f4dacc0d6318b969146d2925b9b54536395668d5d19595865581c823d453aa4614514500150ea1a841a4d84f75753476f6b6b1b4b34b230548914659989e00001249a9abe77ff0082acf8d2f3c0dfb05f8f2e2c5da39afa1b7d39987fcf29ee628a507d9a3675ff00815756070cf1188a7875a73492fbdd8e7c5e2150a13acfeca6fee573cef4197c71ff00053fd6efb52b7f106b5f0ffe04d9dcc96964ba69fb3ea9e2e284a3c8d21198e1c861b482382a5598164f43d37fe0943f00f4ed13ec3ff080c3708c30f2cda9de34ce7b9de250549ff6703d00af69f851e01b1f857f0c7c3fe1bd36358ac742d3e0b1840eeb1a05dc4f7271927a9249ea6be3dfdaa3f6ccd63e12fedc7e08f145bf8956dfe17f853c4707c32f1668ecceb1dc4dad25bb26ac7e611badadf7f645aac98263fb4ea6a76fcd8efc46715d4fd9e0e4e9d34f45176f4726b56df56ff047151cae938f3e2a2a737bb6aff249ecbc97e2cd9f1dfecebe36ff00827bd949e33f83bac6b1e22f02e940dc6b7e03d5ae9ae235b6193249652105a3655f9b182dc649900119fa93e0f7c59d17e3a7c31d17c5de1eb86b8d1f5cb7171033001d392af1b804e1d1c3230c9c3291daba561b860f20f041ef5f197ec1bafeb9f0c3c41f18be1af84f413ab5b7877c717674b96e27fb3699a35acbd2391f05ced09c47123166277796adbc6b294b1f869d4a96f694edef68b9a2ddbde7d5a76b3dda6d3be84462b055e30a7fc39df4decd6ba79357bad95aeba9f5ff00893c4da6f83742bad5357d42cf4bd36c93ccb8bbbb99618605f56762028f726bc63c09f0e5350d72eafbe1ef873fe10cb1bc3701bc4bac452cda818ee25134e9a759dc126de392401cb4a238cc91a37d9e75dac3bbf0e7c138df5eb5d7bc59a83f8b7c4568fe6db4b343e4d8696f8c66d2d7732c44658091da49f0c54ca5781dd5797cd4e9fc3ef3eef6f92ebf3d3cba9e872d49fc5eeaedd7e6fa7cbef39af007c27d1be1cbdcdc59c53dd6ada805fb76ab7d31b9bfbf2324799337cdb412db635c4680908aabc574b4515cf3a929be693bb368c54572c56815c17ed4676fecf3e306feee9b2b73ec335ded701fb54b6cfd9b7c72dff3cf45ba7fca327fa56d84fe3c3d57e66788fe14bd1fe477f45725f1bf4ad4758f86fa847a6f893c45e1378d7ce9b50d034e86ff005558d016296d1cd0cf19918855f9a094952c142b9591384ff82797c62bef8f5fb19780fc51ab6bb77e24d6af2ca4b6d52f6f34afecabe17b6f3c96f710ddda844582ee19a278a78d5151668a40aa1702b9cd8f64bbb58afed648278e39a1990c7247228659148c1041e08238c1af373f0f75cf8283cef0327f6af87631f3f84ee2611fd9d47fd03a77388703816f29f2384546b650c5bd328ada9d69434dd3dd3d9ff5dd6bd999d4a4a7aecfbadffaf2d8c0f007c4cd1fe25595c49a6dc3fda2c64f22fac6e23305e69d2e33e5cf0b61e36230c3230ca4329656563bf5cafc40f84761e39bfb7d521b8bbd0fc4963198ecf59d3d825dc099c989b70293424f262955d09c36032ab0e6e6f8f327c218fecff143fb3f438d7e583c470064d1b513d94ee2cd6b3b1e90cacc18b2ac72ccdb9574f60aa6b4357fcbd7e5dff3f2b2b99fb674ff008bb77e9f3edf979f43d3abe75fda93c1975fb417c46d134ff04f8cbc71a7f893c1d2c8655d0ae2c22d1f4a9a540be75f497367719b848998470c599409b24468e655efb1e27f8ea79fed4f04f8364e806fb5d7b584f7e8d61111db8b93bbfe5d9930dde785bc29a6f81f40b6d2b47b1b5d374db352b0dbdbc6238e304927007724924f52492724d1c90a5f1eb2edd17ab5f92f9bd2c1cd2a9f068bbf57e8bf57f25d4e33e0afecfb0fc2eb0d36eb5ad7356f1cf8bac6c134f93c43acb07ba640aa1c4483e4855ca8670837390a5d9ca823d0e8a2b1a952537797f5e9d9791b429c60ad10ae0fe3d3325b7845971c78a34f073e86423fad7795c17ed0076691e186feef8a74afd6e507f5ad30bfc5899e23f86cef68af9d35fd1be227863f6e0f03ae8ff1235af10e91ad4daa5ef8bbc2f756168ba4e8da20b6956c66b774844f15d0be1691af9b337da51f5070bb600b0fd175ce6c14514500159be2ef0ae95e36f0f5ce9bad58d9ea5a6dc01e741751878db690c0e0f42ac0303d41008c100d69578dff00c141fc6975e00fd8afe236a564d24775fd8ef688e870d1f9ecb01607b1024241ed8ae8c252955af0a5076726927e6dd8c7135234e8caa495d24dbf923c07c076fe3cfdbc3c49aee89e15f1e78abc39f017c3f7ef6316b22e37eb7e222a143c30dd11e61b75e7124a5dd838f30ca4958bd6344ff82507c05d1f486b57f03adfb48b896e6eb53bb92794f76dc251b49ff6028af46fd927c0167f0bff00663f01e87611c71c367a25ab3941812cb24624964fabc8eee7dd8d7cafe3bd5759d5ff00e0a47f1e3c332695f1a7c67e1d5f06782e586c7c31e3cbad1ed7c3925f5d6b96f777615751b778b747042ec6d23924c5a12abbca87f531d9c5785574b09274e09d972bb376eb26ad76f777dba1e6e132ba32a6aa62a2a736aeeeae95fa453bd92db4f99d5f8d3f63cf177ec516b378c3e01eb3abdd693a6eeb8d4fc03a9dcbde596a300e5feca5b2e9300323abb1e8c71e53fd17fb3bfc78d13f696f83da2f8cb4066fb0ead165a1723ccb4954959217c7f12b0233d08c30c8209eb342d30e89a259d9b5d5d5eb59c0909b8b970f34fb540deec00059b192401924f15f30fec1b6a9f0f7f6a5fda3bc0b63fbbd0f49d7ec75bb4857ee4125fc0f24aaa3a281e5c6a0760b8ed44ab3c761aa54adad4a767cdd5c5b516a5dda6d34deb6ba7d2c4692c262210a5a42775cbd1349b4d764d2774b4d9f7bfd51451457867b015e6bfb61fc0e6fda47f667f187832228b79ac58e6ccbb6d5fb4c4eb341b8f6532c6809f426bd2a8ad68569d1a91ab4f78b4d7aad519d6a51ab4e54e7b4934fd19e1dfb077ed230fed0df02ad6d2fa59ac7c6fe138d745f12e9f38097765791031991918701ca16190406dea725180d3f15fec51e10f1e7eca9e24f839ae5c6b3aaf843c5c97b1eac67962fb65dadedc4971759944630f24b2cac6403cc0ce5958300c307f686fd856cfe26fc428fc7fe09f11ea5f0dbe2543188db5ad350490ea283184ba8090b28c2a8c9ea02860e155472d1e89fb6269517d823d6be06ea91e36aea7750df4570c3a6e648d04618f5c0522bd5ad85c36264eb61ea4617d5c6575cafaa4ed66bb75b6e8f36962711878aa55e0e56da51b3bfaabdd3efd2fb33d8fe287c56d07f647f80b36b9e26d6af6ef4ff000f5988527be9964bed52555c471eec2f9933918ce06796620066af39ff00826afc2dd6fc1df04754f1578a2dfecbe28f8a1addcf8b2fadca956b55b820c71e0f23e51bf69e57cd2a7918ac3f0e7fc13bb52f89de2983c4ff001c3c79aa7c41d72cc16d36c2c81d3b4ad15f2089228e3c6f91481872141c0deae4023d6d7c6de22f833887c5e26f10f8763185f1359db7fa45aaf4ff004fb68970a0704dc40be5fde678edd1771aa9eca9e1de170d3e79c9a727aa4d2da31bd9bd757b36ed64f5261ed675d622bc796314d4568dabeee56db4d16e92bdd9e934557d2b55b5d774cb7bdb1b9b7bcb3bb8d6682782412453230cab2b0c865208208e083562bc3db467b1bea828a28a002bcfbf6b23b7f65ef888c4edd9e1bbf6cfa62ddcd7a0d79e7ed73c7eca9f128ff77c2da937e56b21ae9c1ffbc43fc4bf330c57f067e8ff002377e29780750f887a2d9dae9be2ff0013782ee6cefa2bcfb6e88b66d34ea990d6eeb776f3c4d138621be40e300ab23006a4f85bf0bb47f839e0d8f43d0edda0b3fb55dea13331cc9757777732dddd5c484000c935c4d34ae4000b48d800600e8a8ae6370a2abeadab5ae83a5dc5f5f5d5bd95959c4d34f713c8238a08d4659d99b0154004927800579e7fc255e22f8e3fbbf0d35d785fc28ff7f5f9e002ff00525ffa71864044687fe7e2653903f7713abaccbb53a2e7aecbbbdbfe1fc96a6752aa8e9bbecb7febccd9f1cfc608740d73fe11fd0eca4f12f8b5e312ae996f288d2d11b859aee6c15b688f241605dc2bf971caca56a868ff000353c457bfdade3d9acfc5dab323a456d2db0fec9d2d1d4a325bdbb6e1b8a332b4d2179583b805236f297a8f02fc3fd23e1ae85fd9da2d98b5b7691a6959a479a6ba95b1ba69a572d24b2b606e92466763c926b66b47594172d1d3cfabff0025e4be6d99aa2e5ad5d7cba2ff003f57f248f353e10f117c146f33c2ab71e24f0ba64bf876e6e3fd32c57aff00a05c48c0151c816f3b05190125891046dd7780be2368ff0012f4892f347bbfb42dbca60b98648da1b9b298004c53c2e0491480104a3a86c3038c106b72b90f1efc1fb5f15eaebade9b7771e1cf155bc6228758b255f3248d49221b8461b2e20cb37eee4076ef668cc6f8707b48d5d2ae8fbff9f7f55af7b87b3953fe1eddbfcbfcb6f4313f695d73e20786fc370ea1e0bd5be1ff008774dd2e1b9bfd7b55f15595d5f436b6f1206c470c13407a798ed234b851101b1b7ee4d6fd9c3c53e2af1cfecffe0ad73c71a6d9e8be30d6744b4bfd674eb58da38b4fba9615924802b3b91e5b3143976e54f26b82f8c135e7c53f01dc7c33f1e7d87c33378a2e2d74f9f5016cd75a2f8a2c4dc446f2c50b329865bbb51341e4cadb97cf6319b911b13ee358d4a5287c5d76ecfd19a53a8a7b05703fb43b6cf0d7879bd3c55a30fcefe11fd6bbeae03f68d6d9e0fd0dbd3c55a10fcf53b61fd6b4c27f1a3ea89c47f0a5e8637873f646d37c37f16ef3c60be30f88b7571a86aafabdce9d36bcff00d9d3cc63f2d15a1555cc51a84d9193b0796bc1e73eb14515ce6c1451450015c7fed03f0a22f8e7f047c55e0f964483fe121d326b28e665dcb04aca7cb908efb5f6b63dabb0ae17c59f17a69fc4171e1cf07d945e20f125b90b76cd218f4fd13203037730070fb482b020695b7212123632aef87f69ed14e96f1d6fdadd4c6bf27238d4d9e96ef7e8797ffc1383e3cffc27bf05e0f036bcada6fc40f8668ba06b5a64edfbf0b07eea29c7f7d59154171c170dd8a96f48f08fecdba2f833f687f167c4cb5d435a7f1178d34fb1d2b548e59a36b592dac9ae1ad1153cb053ca6bbb920ab02de736f2d85dbe67f157fe09e707c47d62dfc656be38f10681f16addbcc1e2bd3d4428ff00285101b45213eccaa36aa6ede5401249292c5b1e1f0f7ed85e1b8fec10f883e09f88e11f2aea7a8db5e5bdd30fef3c70a2c6ac7d1548af5f1585c362aa3ad87ab18df57195d59bdf95dace3daf66968d1e661f1188c35354ab5394ada26aceeba5d5f47ded757d99f427c58f8aba17c12f879aa78a3c497d1e9fa3e91099a7958f2dd95107f13b310aaa3966200e4d7857fc135fc19ac6a7e16f19fc56f11d9c9a7eb1f183583ac436aff7adb4e4dc2cd0f1cfcaee54f74643d49ae13e277ec55e2bf1769fa778afe36f8fe4f1c6a16bace976ba6e81636c2d742b196e750b7b6cb4781e7f1311965524121b78e2bed14411a0550155460003802b3afecb0d8574a8cb9e53769495ec946cf955ecdead36ecb656eeee8aab5f12aad58f2a82f753b5eeeeaeed74b4ba4aef777ec2d14515e29eb0514514005145140051451401e7bab7c1dbcf06ea571abfc3fbbb5d16eae2469eef45b907fb1b54763b998a282d6d331dd99a11c972d24739000d2f01fc64b2f166b2fa1ea16b75e1cf155bc6659747bfda2592352019a075252e21e57f79113b77aab88df283e77fdb63e12ebda5fed3bf0efe2a5e5af837e20782f4cd7740f0d1f0b6a5a4cbfda9e1db8bcd51201ac69d76b398fcd49ae6d259e292df0d05902b22327cff004f78efe1e68ff12b475b1d62cc5cc70c827b79124786e2ce500859a19908921940270f1b2b0c9c1e6ba5568cd5ab7dfd7e7dfe7af67d0c1d27077a5f774ff81fd69d4daa2bcd8f88bc51f0546dd756f7c65e178c71ac5a5b06d574f5ff00a7ab78c7fa420ff9eb6e81c6543424079abbcf0e78974ef186856baa6937d67aa69b7d1896deeed2659a19d0f465752430f706a2a51945736ebbadbfe03f27a970aaa4f9767d9ff5f8a2eb36d193c01c927b57ca7fb6b7fc1427e0f68ff063c7de108fc6da7ea3e22d5740d434eb6b6d3a296f50cf25bc91aa34b12b44a43900867047391c1aa3f1df54d7bf6e8fda5755f837a0ead79a17c39f05c314be39d4ac9f6dc6a534a329a7c6dce14a821b3c12b2060762abfb87877c0bf0a7f634f035b9b7b7f087807455962b317b7934569f6899ced8d24b89486965738037b3331c019af569d1c3e0f92ae2af29bb494534acb75ccda7bef64b6ddab9e654ab5f15cf4f0d651d53934dddecec935b6d76f7e9a18bf05ffe0a05f07fe3feb51e99e1af1b69b36a933048acaf2396c679dcff000c6b3aa798dec9b8f5f435dd7c43f8b9a77802eadb4e586ef59f116a28cf61a2e9eab25e5daaf05f0c42c51024069a5648d4b282db9941e0fe24fc0bf835fb747842f1668fc2fe2a5858dbff006ce8b7504b79a7cb80d85b88892ac32adb18953c6e561c579b7ec3daeeadf027e3c78c3e0af8da45d53c491c09aee8de2794335d789f4dcf96be7c8e4bb490fdc5058e155d47cb18664b0b84ab4e55b0fcd78abb8369bb7752495d2eaac9db6ead3fac62694e34abdad2765249ad7b38b6ecdf4776aff24fdb347f84fa8f8e753b7d63e204d67a84d6d2adc58e816ac64d274a753b95db72ab5dcead8225955554aa98e28983337a1d14579352aca7bedd1745e9fd6bd753d2a74d436fbfabfebfe1828a28accd028a28a00a7aff0087ec3c57a2dd69baa58da6a5a75f4661b9b5ba856686e10f055d1810ca7b82315e7ffd83e27f81e7768bf6ef1978494fcda4dc4fe66ada5af736d3c87fd2631d7c999848016d92b011c15e99456d4eb38ae57aaecf6ff80fcd6a67529293becfbafeb6f26737a37c60f0c6b9e069fc490eb9a7c3a1d9eefb5dd5d49f655b064fbe97025dad03a1e19240ac878600f15f30fed0ff00f0535f849e23d3ed746d0357d53c4b79a6f88349beb86d33499e68638adb51b79e521d95437eee27c14c83c60f39ac3f0bfc29b2ff0082997ed23e26f176b30ac3f093c237c345b1b3b42606f185d5b127ed172eb869218f79f2f9e1640abb4f9c1be9ab8f8bbf09ff0067ed56cfc112f89fe1f782af96ccdeda680fa8da69d30b556543325b1656f2c332a970bb72c0672457b32a783c0d45ed54a55347ca9a4a3d6cdd9f33ef64adeb747931a98ac641fb36a30d55da6dcba5d2bab2ed76eff898bf017f6eff00857fb496a6ba7f85bc596936b0d9c69b791bd9ddb1009211250be6600c9f2cb6075c57af5788fc67fd997e17fedd1f0f60d6ad66d1ef6eae53cdd17c61a04f1c9716f22310b2457111c4aaaea7e52c5720e36b00c327f611f8e5e26f127fc259f0cfe214cb71f10be18dd259dddd8e9ac59c8bbadaec7424b28e78ce0c6c70ce40e6ad85a1568cb1184bae5b7346566d27a5d3495d5ec9e89a6d6f7b9d14b115a9d5547136f7be192d136b5b34dbb3b6ab569a4f6b1f42552f11f8934ff07e8575aa6ad7d69a6e9b63199ae6eaea558a181075666620003d4d60fc41f8b567e09bfb7d26dadaeb5cf135fc665b3d1ac70d712a03832c8490b0c00f06590aae70a0b3b2a365f877e125e78875db5f1078eaeadb58d5ace413d869b6fbbfb274471d1a24600cd3af4fb4ca037531a401d90f0c68a4b9eae8bf17e9e5e7b7abd0ec9556df2d3d5fe0bd7fcb7f4dca42fbc47f1e862cff00b57c1be0c7eb74cad6bad6b4bdc46ac03d942471bd80b86cb6d580aa48fdd784bc21a5f80fc3d6fa4e8d636fa6e9f6a0f970409b541625998fab3312ccc725989249249af9697e127887e14ffc14bf46f176bf67e0df1f693f12ee2fecf47d561d327b5f107805adf4f2cb0b399e58ae2c1e38278da458e068ee2e901127da095fadea6a56725cb1d23dbfcfbbfe9590e9d3516e4f57dffcbb2fe9ea145145626a701f159bfe124f895e03f0e2956537d2ebf7b191c35b59c784e7b30bb9ecd87a846c74c8efebcefe08c8de3fd6b5cf1fc9f35af887cbb3d08e720e95017f2a61c907ed12c934e186374325b83ca71e895d188f75aa5fcab5f5ddfddb7c8c287bc9d4efb7a6cbefdfe6145145739b8514514005145140051451401c7d8fecf9e02d33e2ddf78fadfc13e13b7f1d6a89125e788a3d22dd755bb58e230c624b909e6b6d898c632c708768e38aec28a2800ae0bc45f06e6d2b5bbad7bc137d1f86f5bbc90cf7b6cf19934ad65fb9b88011b6561c7da222b2e426f32a208cf7b45694eaca0ef1ff0080fd511529c66bde3e55ff008252092f7c13f16350d423853c437df11f553aaaa3993cb982c24a062aa594333904a8cee3c0e40cbf88babc9a67fc16efe1ec7e309e1b7f0bddfc2bd420f87ff6b655827f111d415b5548b71e6f3fb392d4a0037983ed9b7e512d45e26f11c9ff0004eefdafb5ef116ad0cfff000a87e30dd25cdddfc71964f0eeb1cef6900ce126cb316c64e78ff54777d3be29f06f837f683f00c769ad695e19f1c785f5209731c37d6d06a5a7dd01f324815c346f8ea1b9f515eb675072aeb171f82a24d3e9b59c7d62f4b7a3d8f3729928d1fab4be28369aebbdd3f46b5fbd6e37c19a5785ecfc75e2ebad063d3d75abebab76f113da01fbcbb4b68d233395e3ed02d96dd486f9c44b6f9c2f979f9d7f6d49750d1bf6f5fd9c6fbc3769657de249ff00b76dfecf7376d6b15c402d63e2491639195543cac3e46e73c771f446adabf837f66df862d3dc3683e0cf0968711da91c71d9da5aa925b6c71a0032cc4e1106598e0024d7cebfb28c3a97ed81fb50ea3f1eb52b1b8d37c1fa3d8be81e06b5b95db2dcc65889ef88edbb2e808ea1caf3e58663288ba5ed31735ee46325aecdca2e2a3f8dddb649b16652553930d07ef4a517e8a32526ff000b2f368f703e26f8b18e3c13f0f73efe34bcff00e55d34f89fe2de38f047c39ffc2def3ff9555e8d4579ff005887fcfb8ffe4dff00c91ddec67ff3f1ff00e4bffc89e6ede28f8bddbc0df0dff1f1cdefff002a69b2f8b7e2e41134927827e1aa4680b33378e6f40503a927fb26bd2abe49fdbdac3c61f147f6aef837f0fb4bd63c3ba1f866ef46f1278ae43e21d2e7d4747d6b59d3869f1e9d67770c3736de7471adedddef92f210cd60b205dd6e194fac53ff009f71ff00c9bff920f613ff009f8fff0025ff00e44f6ab0f1afc56d4ece1b8b7f06fc33b8b79d0491cb178eaf1d2452320a91a56083ea2ac2f897e2c9ebe0bf876bf4f1a5e1ff00dc58a6fec7df1aefff00692fd947e1afc42d53427f0cea5e38f0ce9daedce92cc5bfb3a4b9b68e66881201214be01201231900f15e8d43ad0ff9f71ffc9bff009205467ff3f1ff00e4bffc89e7c9affc563f7bc27f0f97e9e2cbc3ff00b8eacaf881e21f8b16fe04d724b7f0df81e39934fb8689a1f11ddbca8c236da547d846e6071819193dc57ab514471104d3f671fc7fcc1d19356e77f87f91f3bffc128edecadff603f87ff61d9e5bc576d215ef29bd9f7e7e8d91f402b85f8f326b72ff00c1637e19c3e1dd77c3ba16a7ff000a63c565a6d5f4d935084c675bf0efca228ee6dd83160086de4611860e72b57e11f8ea1ff826b7c6fd63e1cf8c1bfb3be1578c7519354f076bd26459e97249ccb613b748d54e30c48000dedc3b18fea4d63e15f82fe234c9aa6a1e1bf0bebd25d468e97971a7c174d3263e521d94ee1b71839c62bb33ca32fad4b12b58546e517dd3bbb7aabd9ae8d1cb94565f578d07a4a0945aecd69f73b5d3ea8cdfd9bb5d875df837a3b2eada0ebda959892cf5bd47448445a7de6af148d1ea2f105f979bc5b8dc0124387563b95abe7bf17699ac5f7fc15c2f2d3c23a85a68f75a87c3343abdec96df686b7517f82f1c648569f688150c9955ddb8ab81e5b7ba7c71fda0bc01fb1b7c31fb76bd75a7e89a7dac4cba7e95671a2cf78c39115bc0b8c9248e7845ce58a8c91e6ffb04fc28f135feb5e30f8c7e3eb06d2fc5ff0013668dedf4b901f3345d3221b6de06c8055d9429604038442c15cba8db2f8ca850ab8b9af75c5c637fb526d6cbaa4b57d1689ee658e71ad5a9e1a1ba6a4edd124f77d1b7a2ebbbe87b97c3df863a4fc33b1b88f4e8a592eb5093cfbfbfba90cf7ba94d8c79934adf339030a07dd450a881515547414515e2ca7293e693bb3d58c54572c76393f017c06f03fc2bf10eb1abf863c1be15f0eeabe21b99af754bcd334a82d2e3519e693cd9a599e350d23c9265d99892cc4b1c924d7594515250579bfc58be93e297887fe15e699348b05c42b3f8a2ee272a6cac1b205aab0e44f7586418c14884b26e47f277e9fc4af89775a76af0f85fc3115b6a1e30d42113224c0b5ae8f6e495fb6dd6d20f9608609182af3ba9552aab2cb16b7c37f87969f0d7c39f61b79ae2f2e6e256bbbfbfb921ae753b97c7993ca400373600014054554445544551d54d7b25ed65bf45fafcba777e4b5e79bf68fd9adbabfd3fcfb2f336edada3b2b68e18638e1861508888a155140c0000e0003b5494515ca7405145140051451400514514005145140051451400514514019fe29f0ae9be37f0f5e693ace9f67aa697a84661b9b4bb856686743d559581047d6be6dbaff825b683e16d4679be1dfc42f89df0cedae643249a768dadbfd84b1ea7637cd9ff0079cfb015f51515d985cc311874d519349eeb74fd53d3f03971183a15da756376b67d57cd6a7cd3e15ff825df8324f135aeb5e3ef11f8e3e2c6a162dbedd3c53aab5d5a407fd9870320f7572c87fbb5e89a16a50fecddaedce8fa924767e07d5afa4bad2352036db6933dc486496cae0f4891e6777864388cf99e49d8cb089bd4aa3bdb38752b39adee218ee2dee10c72c5228649148c156078208e083d6b4ab9956aeed8993947b76f45b27f2229e02951d682517dfbfabddfde494579cc5f08758f867f37807568ad74d8fa787356dd369aa39f96da55fdf5a0e8028f361455c2403ad4a3e3e47e173e5f8d342d5bc22cbc35f489f6cd25b0397fb5c20ac51f6dd72b013fddae7fabb96b49f37e7f77f95d799b7b6b7f1172fe5f7ff9dbd0f41accf15f82f47f1de9ab67ae693a66b366b209560beb54b88d5c0203057046e009e7af26a6f0f78934ef16e910ea1a4dfd96a9a7dcaee86e6d2759a1947aaba9208fa1abb5834d3b3374eeae828a28a40145145006378ffe1de85f157c2975a1f89349b0d6f48bd5c4d6b79089636c74383d181e430c10402083cd7ceaff00f04a5f09f87a7917c1be3ff8b9e00d3e462dfd9ba17895e2b44cf2701d59fbf56735f51d15d985cc713874e3466d27d3a7dcf4b9cb88c0e1ebb52ab14daebd7efdcf07f82dff0004e5f86bf06bc611f899ed757f1878aa26578f59f135e9d42ea365fbaca0858c30ece1370ec457bc51456789c5d6c44b9ebc9c9f9fe9d8d30f86a5423c9462a2bc828a2b90f19fc6dd13c21ac368f09bad7bc49b15d745d2631757c03676b48b909046d8204b3b471e78df5953a729bb415cd27523157933afaf3ad6fe2aea1f10355bad0bc01f67ba9ad646b7d47c433279ba6e90ea4abc69823ed5720823ca43b6320f9ae842c724571e04f147c568da6f175c7f63e878dcbe1ad1ae8f9b763a85bbbcf90b83f2e6187cb8f3b95e49e36af2eff82777edb16ffb597872d62d2342d274bd334fd06d67d474fd361921ff00840b542ed1cfe19be47550b7d6a106f4558d94005e1892481a6dd469d3d5fbd2fc17af7fcb6d5ec63efd4dbdd5f8bff2fcfc96e7bdfc39f86ba6fc32d1e6b7b237375757d31bad4350bb93cdbcd52e080ad34cf81b988555000088aaa88a888a83a0a28ae79ce527cd2dcda31515cb1d828a28a92828a28a0028a28a0028a28a0028a28a0028a28a0028a28a0028a28a0028a28a0028a28a00e37c43fb3f783fc47aadc6a2da3c7a6ead747336a5a44f2e977f37fbf716cd1cac3d9988e4fa9aa2ff000b7c5ba0ac8741f885a837188adfc41a6c1a9dbc23d8c5f67b86fabcec7debd028ae858aaa959bbfad9fe7731787a6ddd2b7a69f958e046aff0013b4591566d0fc17afc2a3f79716bab5c69d33ff00b96ef04abcfbce31ea684f8cfac5a4ecba97c37f1c58c51f06e223617913ff00bab05cbca47d6307dabbea28f6d07bc17e2bf5b7e01eca4b69bfc3fcaff89c0a7ed29e1b13b47716be32b165fbcd75e10d5a1887fdb46b6119fc188a74dfb517c3bb31fe97e33f0fe9dea2feed6cc8fa8976e3f1aef28a39a87f2bff00c097ff00221cb5bf997dcffccf3d8bf6b9f85139c47f13be1eb9f45f11d99ffda94e5fdacbe16c937951fc48f01cb31e9147afdac9237d143927f015e81451cd87fe57ff00812ffe449e5adfccbee7ff00c91c0bfed25e199e454d3e3f126b6d2711b699e1dbfbb858fa19d2130afd5dd47bd27fc2c2f1bf88fe5d1fc06da5aeec19fc49ab436c0aff007e38ed7ed2cdebb64f28f04122bbfa28f69497c30fbdb7f95bf52bd9d47f14bee56fcee79e9f845aff008c307c5de33d46e2039dda7787d1b45b37e72a5a4577bb2c3a1db70a8dce530703aef07f81f46f87ba32e9fa1697a7e8f621da5f22d2058519d8e59c85032cc792c7249e4926b528a9a95e735cade9d968bee5a151a308bba5af7ddfdec8eea16b8b6923592485a452a244c6e4247519046475e4115f38fec65fb051fd97fc6363e20b8bed3e4d7a1f0658f83f5dd434df390f8f27b46063d6b51490b1fb6f337cc5e593175309279b11ecfa4a8ac7ccd3c828a28a0028a28a0028a28a00aba1ff00c816cffeb827fe822ad5145001451450014514500145145001451450014514500145145001451450014514500145145001451450014514500145145001451450014514500145145001451450015c6fc43ff90d45ff005c07fe84d451401fffd9);
INSERT INTO `zadatak` (`rbrZad`, `pitanje`, `odgovor`, `rbrKat`, `slika`) VALUES
(62, 'Najkraći put od C do H iznosi ____. (Odgovor je broj)', '5', 7, 0xffd8ffe000104a46494600010101006000600000ffe1003a4578696600004d4d002a00000008000351100001000000010100000051110004000000010000000051120004000000010000000000000000ffdb0043000201010201010202020202020202030503030303030604040305070607070706070708090b0908080a0807070a0d0a0a0b0c0c0c0c07090e0f0d0c0e0b0c0c0cffdb004301020202030303060303060c0807080c0c0c0c0c0c0c0c0c0c0c0c0c0c0c0c0c0c0c0c0c0c0c0c0c0c0c0c0c0c0c0c0c0c0c0c0c0c0c0c0c0c0c0c0c0c0c0c0c0cffc000110800c300d503012200021101031101ffc4001f0000010501010101010100000000000000000102030405060708090a0bffc400b5100002010303020403050504040000017d01020300041105122131410613516107227114328191a1082342b1c11552d1f02433627282090a161718191a25262728292a3435363738393a434445464748494a535455565758595a636465666768696a737475767778797a838485868788898a92939495969798999aa2a3a4a5a6a7a8a9aab2b3b4b5b6b7b8b9bac2c3c4c5c6c7c8c9cad2d3d4d5d6d7d8d9dae1e2e3e4e5e6e7e8e9eaf1f2f3f4f5f6f7f8f9faffc4001f0100030101010101010101010000000000000102030405060708090a0bffc400b51100020102040403040705040400010277000102031104052131061241510761711322328108144291a1b1c109233352f0156272d10a162434e125f11718191a262728292a35363738393a434445464748494a535455565758595a636465666768696a737475767778797a82838485868788898a92939495969798999aa2a3a4a5a6a7a8a9aab2b3b4b5b6b7b8b9bac2c3c4c5c6c7c8c9cad2d3d4d5d6d7d8d9dae2e3e4e5e6e7e8e9eaf2f3f4f5f6f7f8f9faffda000c03010002110311003f00fdfcae2be3afed03e19fd9d7c296baaf892f258db52bc8f4cd2ec2d613717facde49931dadac0bf34b2b0566daa385476621559876b5f37785745b7f8b3ff0538f1e6a5ab2a35d7c27f05e95a578681c33e9e75792ee6d42e90303869858d94418718b471ce48a00ba9fb4c7c6ebb886a307ece3a847a3b47e6f9175e35d3a2d6b18cedfb3287837f6dbf6ac67bf7af43fd9eff696f0dfed21a26a72e8dfda1a7eb1e1dbafecfd7b42d520fb36a9a05d6c0fe4dcc393b49560caea5a391486477520d7c47a67edcdf15351ff00827b7c17d58c9e3a87c5fe31f1c786743d5bc56fa6587d8e4b6bff0010416171b40c800c12b04222c860a4f19afa43f68ab3b7f85dfb737c0df1969b1c90eade3cbabef006b2232163d42c4585dea76ed28c659ade6b47f2ce46d17738fe2a00fa368a28a0028a28a0028a28a0028a28a0028a28a0028a28a0028a28a0028a28a0028a2a39ae3c99215d92379cfb32ab909f29396f41c633ea40ef401251451400514514005145140057807ed2ff000d7c69f0f3e2e5b7c64f86fa74de26d4edf461a078abc210cd1db4fe2ad3a399a6b792d66919638efad1a6ba30ac8cb1ca2ea58d9e3ca489eff45007c4b61e31fd9e53f670d13e14ff00c233f18a3d23c097da7eb3a7f8724f09f88a4d6ad27b6bdfb4da4c0885a4755b984b2bef284c47e6201aa3e01f0a78dbfe0a61f15ae3e3069fe3ad6fe0ec7f0baf751f0c7837c3f05a5bde5e5a5d9f2d6faeb5eb4b852be6c9b2258ad6328f1404b89c9bac47f738450e5b68dcc00271c903a7f33f9d7cd5fb4e782b54fd987e2a5d7c7ef055aea77d62b68907c48f0d58dbb5c378874d841d9a8dbc2a0b1d42cd77102305ae202f11577580a00491fc6ff8f7f006ee3b7f885f0e74bf8a1e1e891449e2af876ed6f7a319dd24fa25d48ce8a15777fa35ddcb92c1563af44f81ff00b65fc33fda235abad1fc2fe2cd3ee3c4ba746b25ff0087af03d86b7a702a1bf7f63384b88b82396403debb9f0378e747f89be0cd2fc45e1fd4acf58d0f5cb58efac2fad25124177048a1924461c152a4106b8efda0bf648f86bfb53d858c3e3ff06685e249b48956e34cbdb9b702fb4999486596d6e5712c122b00c1e36520807391401e8c06d1457cdf79fb32fc60f81b34171f097e2b36bfa4dbe049e15f894b26ad04a83002c1aa4645ec0df78ef9c5d8248f9462a3bbff00828ac7f052d231f1dbc03e24f843b220f75ae0ceb9e1484ed05c9d52dd008630481beee1b6c9cfcbc1a00fa528ac9f03f8f743f89de15b3d77c37ac697e20d17504f32d6ff004dba4bab5b95fef24884ab0f706b5a800a2b81f8ebfb4568bf015fc33697d6fa96abae78d3536d2340d234f8d5eef55b95b79ae9d137b2a28482de69199d800b19ef806c7ecf3f1fbc3dfb4e7c29b1f18785e4ba7d2ef2e2eec992ea130cf6d736b732dadcc1221e8f1cf0cb19c123287048c1a00eda8a28a0028a28a0028a28a0028a28a0028a28a0028a28a0028a28a0028a28a0028a1977291ebc50aa147031f4a0028acbf1b7861bc67e16bcd2d353d53466bc4d82f74e9445756e720e5188600f18e41e09afcbdf19fedb5f12bfe1c81f092fa3d6be22db789bc71f08752f14ebbf10349d0aeb549b4e96cb4d132c6f3430c896f35d5c4a8049205558a1b960cacaa4007d5f68d27fc13bfe3d0b79eea187e03fc51d542d9891362f817c4375281e4871c0b0bf91c6c071e4dc96192b3aac7f53d7957c30d27c3ffb53fec71a1e9be29d366f12787fc61e1982cf56b3d774e9616d4524b755944d0ce8aff31c9c9519c823b1ae13f650f885e22f821f12eebe03fc46d4a6d5b52d36d5affc09e25ba94b4be2fd190ed68a666e4ea16476a4fd7cc8de0981cc922c601f48523301d71f371cf7a5a6c8c52366552cc06428fe2f6a00f01f1cff00c1357e1aeafe2abdf1378361d63e10f8c6fdbcdb8d73c0779fd8d35dca13cb592e6dd54dadd955e82e61947038e0573e35cfda73f66b99fedda7785ff68af09c729fdfe97b3c31e2cb48406e0dbcacd637d270a3225b30496381802bea0a2803e1ff00dabff6e5d47e39e8da3fc37f854b63a07c52d53528d358f0cf8d3523e0ef11c5a595749db4b7b8824596690fee56e20122a2bbba96216be91fd8d3c15a97c38fd9abc2fa0eade05f0dfc34bad2a192d93c35a16acdaad96970acae215174d14266768f63c8c631fbc77e5bef1e8fe32fc08f04fed13e0b9fc3be3cf09f877c63a15c060f63ac69f15e43ca95242c80ed6c12370c119eb5e2fa97ec41e32f84121bcf821f173c41e1358dc3af863c5ab278a7c3728dc098d565912f6d8150117c8ba11c63911374201f4a515f37b7ed9be3bf820fe4fc66f84bac695a7c381278abc1124be27d0f1b82892585224bfb607976cdbc91c4a09698e335ec5f067e3ef823f68af098d73c07e2cf0ff8bb49ddb1ee74abe8ee9617ee926d24c6e3ba300c3b81401d75145140051451400514514005145140051403927fce68a0028a28a0028a28a0028a28a00cff001578574df1c7872f348d62cadf51d2f5088c3736d3aee8e743d5587706b98d17f66bf00786fe0fde7c3ed3fc1fe1fb1f03dfc52c171a15bd9a47612c72ff00ac431280bb5b9c8c60e6bb7a28029f877c3d63e11d02cb4ad32d61b1d374d812dad6de25db1c1122854451d9400001e82bc1ff00e0a5175e10b2f80b6736bd36a96fe2e8758b76f87f2e8b642f75c4f116196d3ec30e4798e7738955996236e6e3cd6487cc61f4257cff00add82f8a7fe0a79a18d4e3dd0f847e1c5cdf684ac5b6b5cde6a090de4807dd2f1c56d6a809c955ba70301ce4030bc09e26fdb0bc43e10d2752d67c27fb3ff8775216e9f6ed11f5dd4efa49a40007c5dc76ea90ee2090a22982ee0373e327d23e047ed34df137c5faa7837c51e1bbef027c42d0ada3bcbbd16eae16ea1bbb673b45dd95ca855bab7de0a170a8e8d8124719600fc8be2df1eea1e34fd973e2f7c75f1af8c3e2ce8fabf82bc53af584767e11d51605f02e9fa5ddcb6f1c86c6468e2b9df04097722dc2c8f20bbc47f27958f73fdbcf589b40d77e05f8ebc2fa41d6bc716be308f4ed1b4efb72d849aa5a5f59ce2f2d9a4656fdd8863170ca46ddd691b1fba0800fa728af0dff0085ebf1bbfe882daffe17567ffc6a81f1d3e36647fc586b6f7ff8aeacf8ff00c8540185fb4cfeddb79f08bf685f02f807c2fe1db5f1136a7e24d2348f166a33dd1861f0ec3a91996d9502a9f36e9cc2cfe5e57647b5dbfd6461be8faf81ff00699fd933c5dfb4878f341f13c9f00e3f0f6bb61e2cd2fc55aaddd878d6d5a4d75ec42a470cbf71466348d3cc037808a0118afa321f8ebf1854c866f813308d4657caf19583bbfe0428cfe3401ed95e3ff17ff610f85ff1a3c78be30d43c371e91e3a8e310c7e2ad06e24d235c58c32b7966eedca4af1928b9472c8c140208e2b3e1fda13e2eca6407e00ead1ed88baeef16e99866feefdff00a73f5f4e641fb407c5858159be02eb1b9b1955f15e9676f3ff005d05007352f813f68cfd9fb5679bc33e28f0cfc6ff000980a1746f1681a1788ad86e1b8c7a9db46f6f718524849ad232760066f98b0d1d37fe0a3be04f0ef882d343f8996baefc17d7afa410db41e34b75b2b1bc9096da906a28cf633390b908b3efe4654138ad24fda1be2c17c37c01d7146ec03ff095697d32464fef3db3f423e82af8dbe247c4cf1af82f52d2750f805fda16fa8dbc904b6b75e27d367b79948200756e181e3208c75e4f5201cef883e3dfc4cfdac7c67ad787be05de7877c2be13f0cea0fa5eaff11b5bd39b5686eeee223cfb4d26c964896e0c4e0c52dccb208a3903a2a4cc8e12c789fc0dfb4a7c1d9e1d7bc3fe3ef0c7c60b1b45cea1e15d73418b43bcbf4c726cf50b662914c3b24f0488ff0074bc7f7c7cbffb45f87fc1fa2ffc1ba3e0bd36f2c7c1ba469ba4db7846dcd96a8f1c3a6d95fc5ae5824f048c32136ccb3a48cb923f7879e41f40ff008248ea7a3e8dfb4ffed0da0f876f7c1baf68b7971a2f8821bdf87f7867f06692d2dabdab6996e832b15ea9b43713ed76f305dc4fb63276000fb03f67ff008eda0fed29f09349f19786e499b4cd53cd8da2b88fcbb8b2b8865782e2d664fe09a19e3962917f85e361dabb2af9e7f61ddb27c5ff00da525d37c9ff00845e4f89cc34ef287eecdc2e89a4a6a2578ffa082dd06ebfbd12f7c8afa1a800a09c0a28a0028a28cf3d3f1a0028a08c9ff3cd140051451400d2362e17f5a21dfe4af99b7ccc0ddb7eee7be29d450003aff2a2bc1ffe0a2ffb42f897f674fd9e21bef06d9b5d78abc4fe23d1bc27a64816273672ea57f0da1b85495963778d646754919559c202704d6bfec6bf186cbe25f857c55a1a47e2f875cf873e229bc35aec7e24b98aeaf45d8b7b7bc0de7444c5246f05dc0ea63c001f6e14a95001ec2c4853b796ec09af967f6f9d42e97e327c2dff00856fb2fbe3e6997134fa25833e2c9f4595e15d4bfb51864c362eb1c616400bfda2387cb572acb5ea5fb4dfed22ff0005edb4ad03c39a5c7e2af899e301345e18f0ef9fe48bb68f679b7571200c60b283cc8ccd36d3b43a2aabc92468d63f66dfd9d53e0869fab6a9ab6a92789fc7be2e992f3c4de209a211bea1322ed8e28939f26d61525218412114924b3bbbb007cdbe2f1e12f1b78d2fb5ff00885fb19f8d27f891a8ac31dd0b0d3f4fd5acf5f6b463243baf52e1209234724c6d7ab11e7eeaf4adaf81be29d7fe317edf935d7c66d253c01e20f0ce92d71f0cbc16d749796f73652a04bdd5fed4a04736a0a5fecf25bc79fb24454e645baf30fd895e75fb4d7ecdda37ed33f0fa3d2f50bad4345d6349b95d53c3fe20d30aa6a7e1bd46307cabcb666046f5c90c8e1a39519e3915e3765201e8b4578b7ecbdfb426b9e24d66f3e1cfc4bb6b3d27e2c785ed527bdfb242d0e9de25b42762ea9601998885d810f09767824ca31605247f69a0028a28a0028a28a0028a2bc0bf6aaf88bac7c4bf1cd8fc0ff01ea93699e25f11da2ea1e28d66d5819bc25a0b3b23cc9d76dddd324905b647ca44b37cc202ac01e1de19bdf1b597c60f8bde2af817a3f84fc59f04ecafa7fed6f0e789f5196d74dd6fc411b48fa9dce8b70b0cc96b1acbf2dc6e8e5866bb5b82a219166925ebfe18fc4df8fdfb607c0dd066f07f81fc25fb3cf85fc5da7c17c35abdd5575ad6acedae23dedf65d3e1863b78e721815966999549dc617236d779fb6be87a77c09ff827378cbc31e1589742b44f0eaf84b438edf8fb24b78534fb50bdc912cf1fb93df2735ee7e11f0f47e11f0a697a4c38f274bb48ad23c0c7cb1a041c7d05007ca7e04f869e20ff00825268d35ae89fdb1e3cfd9f7ed136a1776d287bdf127822e2e2579ef2ed59417d46ce6b8924b891587da2179666569a32b145f53780fc7ba1fc52f06697e23f0d6b1a6f883c3fad5b25e69fa969d729736b7b0b8ca491c884aba907208241ad6af9b7c73fb3b78abf65df166a1e3af817636b7b63ab5f49a8f8abe1d4f38b6b1d6de425a6bcd3a43f259ea058991811e4dc9dc1c46ec27500fa4a8ae23e01fed0de17fda4bc12dadf866f267169732586a361770b5b6a1a35e4676cb6b776ef8786643d5580c8218655958bbe30fc7bd0be0a5d786ecf525bfbcd5fc61a83e97a2e9961079d77a94e96f35cc8a8b903090412c8ccc400a879c9008076b4571ff01be3a786ff00694f851a578d3c237925f683ac79c90c9242d0c91c90ccf04f1488c032491cd1491b291c3230aec2800a28a2800a28a2800a28a280307e24fc33f0ff00c64f075d787fc4ba65aeb1a3dd3a3cb6f36701e3759237520865747556565219594104119af30f1ff8c3c2bfb0d7c35b5d17c29a09d5fc57e2abc98681e1d82ed9b50f146a4c0179259a52efb546c69ae64dc228c64e7e553d3fed3bfb4ce89fb2e7c3d8b58d4ed752d6b56d5aed34af0ff87f4a8c4daa7893519013159dac64805db6b333b958e28d24924648d1dc733fb2e7ecf7afe85ac5d7c48f8a5369fab7c5cf11db0b7b9fb13b4ba7785ec8b6f5d2b4f2c013121c19262aaf7120dec154471c601a9fb35fece13fc2ebbd53c5fe2ebfb6f137c54f174718d7f5b8e364862890b345a7d9231261b180b36c8f39666795cb492331f58a28a0028a28a00f99bf68b75fda0ff68db7f8676fa2f88fc11e39f0c68d278b7c1bf1097ecd35b5bcf1cb0c4f1ac2b2f9b340cce897104a234963380d9c3a773fb2d7ed4137c63b9d6bc23e2ed2a1f08fc57f04f969e22d004c648de393708751b27600cf617051fcb97190d1c913859627514357f83bf112fbf6f5d1fe20472782c780b4df0d5cf879edda7bafed7733c90dc19f1b3c9f964815026795666dc0e12b53f6a3fd9b2e3e30c3a5f89fc27a95bf85fe2a78344b2f8675e787cc8d7781e6d95da0e65b29f622cb18208daae8564456001eb6464515e5ff00b307ed316bfb4168bab58df69f2f867c77e0fb95d37c55e1cb862d3e9174503ab2b103ceb6957e786751b254e4721957d42800af15fdb97c33e30f137c3bf0d8f0ada6abaad858f89acaefc4ba5e95aa0d3350d534a4dfe6450dc19230b890c2eea5d3cc8e391370ddcfb55723f1dbc1de0bf1c7c29d62d7e21d9e8f7de0db687edfaa45ab63ec22180f9c5e60df298d766e21be5c2f208a00f94ff642fdb335ef07fec13278a35cd2fc41aa6b5ae78cb5ad03e1be83a9dd0b8d5bc4110d46e22d3a033296f323091b31b9cb28b587cf2cc80b9fa23f651f80377f02bc0b792788b564f12f8ffc5d78dad78b35c583c95d46f9d557644bc98eda08d638208c9256285371672eede7ff00b247826ebe3b78f57e386bfa7c7a5e8ed62da5fc33d00dafd9db40d0db686bc950e36dcdeec4936855f26dc41160379a5be92a00f9f3f6f0d6a1d67c45f037c00d24426f1f7c4ad35cc4e33e6c5a44571af375f46d2e3fcebe83af01f891a249e3aff828e7c318e48edee2c3c0be12d6f5d396fde5adedd4b6b6503e3fda80df2f3ea71debdfa800a28a2803c5fe3bfecaf75e20f1e47f123e1c6af1f833e2959c4914974f19934bf145ba702cb548148f3a3dbc473291340d828c537c52789fc66fda67c77fb44f85f4ef03f86fc09a87877e2c687aa08fc6da5c77b68bae78634d7b7951f51d0ee2ebcb86e92e0b2c11de26046934c1d5278da01f6a579c7ed13fb3468ffb42691672c97da9786fc59a0979b40f13e92e22d4b439d860b46c41578db037c32068a5030ea46300117ec73e0993e1bfecd9e17d0a4f0359fc375d2e39a083c3b6fa98d4bec100b897ca692e02a879e58f64b2e376259645df263cc6f4caf9efe0afed59af7827c7ba4fc2ef8e30693e1ff881a9178741d72c03c5a0f8ec46324da1724c177b4167b27667500b46d2a02cbf42500145145001451450078f7ed73fb43eb9f0834ff0ff0086bc0ba469be23f8a1e3eb996cbc35a6ea13b4365108943dcdfddb202e2d6d91919f67cccd2451a90d2023c4fc429e01f02f8aeeb43f89ff00b69ea16bf11888d6e2c93c67a3f86c69b34aaa145be9a17288c7945b833b1ddf79bad7a4fc4891bc37ff000532f857a86a8a64d375bf02788b44d2a7307eeacf51177a55d4916f3f75ee2de16655072cb6327f74d78fe93f047c51f14ffe0ab7fb4249677d63a3f84eebc3be0583538b57f07ff6a59f89a2864d59ee6d52598a44310c9b094321437018afca158036fe197c31f107ecdbfb7c69779f1635cbcf8a4be2ed35bc3bf0efc6fa8c50c179e1e658bcebad227b682348166ba580dc7db624433f9022744f2a2dff0064d7cdbff0534bbd5aebe1a780748f0b69b6fad78db50f881a15de85a6cb786cc5db595e25f5c033057f293ecb6f38672ac006c60ee00e9c1f18ff0068e7371e67c0df87f1ec7022c7c4c76f3138e4ff00c4b3e5239e39e839e7800f7fae03f6939bc556df0d5a6f09ea9368f716f751cd7f3da69a352d45ac972d34765030646ba7002a798aca324956c007cf23f8d1fb471b58d9be04f80d6661f3a0f898c421faff0066f35c4fc7dd2fe3b7c76d0f4f8aebe0de8da4ea1e1ebefed3d2352d17e2c359ded9dc08e48b7a13a69460d1c8ea52456421f91c64007a37fc13a7e3678a3f681fd9674df1178cae2d2e35f3aaeab63298ecdacae2386df50b886dd2eedc81e4de08122f3e3002acbe60501702bdcabe51f8229f1cbe007c3e8fc3fa17c0bf0bcd07da27beb8b9d43e29b5c5e6a1753c8d34f3cd21d3be691e476624600ce0000003ae4f8d3fb46337cdf027c0eabff6528e7ff4dd401f40515f3fff00c2e8fda33763fe144f81fa673ff0b28fbffd43be95247f19ff00685ddfbcf81be0ddb83f73e236493dbad80a00d4fda8bf671d5fc65ad69ff117e1cdedae85f16fc276c60d3ae2e38b1f10d9eff31f49d40004b5b4a776d907cf6f23f9a99f9d1ef7c22fdb2fc1bf117e13ea5e26d6afad7c073f85eeff00b2fc53a6f886f21b497c31a805466b6b87660832244647076cb1c88ea4ab0ae2fc45fb4afc76f04f85b56d6b5cf81fe12b1d2f45b492feea74f88eac238a2467918e6c4745526bc134cf04f857c39a5785ff00692f8d5f095be237c5bf8dfa8697a4e95a3c5656177ff087dbcd1cada7699089dd222635925696e598bb4b349f32c6234400fb63e167ed0be03f8f1697537813c71e0ef1a259f133e87ad5bea09093d03985db6e71debc43e276efdbdfe3d5d7c3a82369be0e7c39bf865f1a5e24a563f13eb1132cd0e88a54fcf6f0308a6bb1f75d8c56e770370832e3f837f08bf6e7d2bc516da1f86b50f843f17bc0ec2c9f53b3d362d1fc53e0ebb9a35960992587293c0f856037cb6f3aa32b061b96bbdff826cea36e7f646d0b455d2a3d1754f07deea3e1bd6ed50637ea5677b3417573d493f69955ae83312ec2e416f989a00f758e358a35555555518000c0029d451401f3b7c00bd5f1ff00fc1413f680d7bc8b841e0fb5f0ff0081a29327ca98c768fab4a57b6e1fdad1a9c7f700eb5f442e49f6ec31c8af907f671f8a7ac7c29fd977c47f122cfc3f637d79f113e256bdab6a13eb5ad47a369ba3d80d42e6d60bebbba9158ac0b63636806c8dd8b49180a14975f6dfd8aff6985fdb0ff665f0cfc464d0e7f0f47e22173b2d1ee05cc6eb05d4d6e2e20982a89ad671089e0982a89619a27c0dd8a00f52a28a2800a28a280395f8cff053c2ff00b427c3cbef0af8c347b5d6b44d43697825c868a453ba396375c3472a300c92210c8c0104119af09b4f8c1e2cfd81efdb4bf8ada9ddf8afe0fa855d2be224c9baf7c3cb9c7d9f5d0a36f96bfc3a8a858f0313ac6c04b2fd415e5bfb687c706fd9e7f66df117892df4787c41a937d9b48d2f4b9f221d46fefae62b2b5865215b11b4f711073b4e14b1c500775e26f88be1ff0005e851ea9ac6bba3e93a64d829777b7b1dbc0f919187660a72391cf22adf87bc4ba778bb488750d2750b2d52c2e06e8ae6d2759a19474caba920f4ec6be1cb1fd8e3f676ff0082587ecbda778d3e32d868fe38d534bf274bbbd7f5bd29751fb2b5e5c26eb3d32ce4f316c74d858964b683e582de02599fcb790fa27c6dfd8d744f821a1df7c5efd9f749d1fc0fe38d1e33ad5e5868b6cb6fa478facd22065b0bdb78f6c6cd244a04372a04b048b1b02f1f990ca01f552b66461f2f18e9d4515cefc1af8aba4fc75f841e15f1be81335c683e32d1ed35cd36523064b6b9852789b1ee8ea68a00a7f1c7e07683fb41780e5d035e8eea38d655bab2beb298dbdf6937499f2aeada51cc73464e5586475043292a7c03e28e9dfb5f7c0ff85fe2297c1fe20f841f172e347d36e2e749feded0ef74ad62fa48e3778e1985a4cd6f3cae42a068d2dd4939da3a57d5f45007cdff00b0ff00c22d27e2469fa07ed01ad78d24f8a9e30f1c787607d275d6b45b1d3b45d2ee5639cda69b66aee2da3918234acd24b34ad1a0925658a344fa42be79fd8cb565f85df167e2afc18b8c427c23aa2f89fc3e8415f3744d59a59d366700886f63bf830836a24708fe215f4350014500628a0028a28a0028a28a00e7fe2d7c3f83e2c7c2af137856e9da3b5f1369375a54ce3aa24f0bc4c7f00e6be35f00fc47d5ff006d2fd9a3e1758f81e6f066b9f10be07f8d34f1e30d1e4d6fc98a29b4c135b4a6391525631cff007e190aed20f3f32b2afaf7ed47e34d5ff688f890df017c0baa49a6b5d5a4775f10f5fb376f3fc35a44d90b6703a9023d42f543a4649dd045be7da4f941facf1e7ec19f0abc7da0787ec5bc2d1e8527852c23d2f45bff000f5dcfa2ea3a559a636db43756af1ccb0fca331eed87b8393401c4f803c2779fb3678cbe2f7ed09f1a358f0ce8571e20b0b0b3165a5cb24d6ba169560b29860333aa35ddd4b717339cac4858c91448ac402dd4fec0fe05d6bc35f05751d7fc49a64da1f883e23788b52f18de69730db2696b79396b7b790738952d960120c9c49e660e315e21f12bf647f09fec89fb487c19f1f5f5c78b3c6fe1f97585f0aea33f8c7c4379aeae877d79f2e99a9c31dc3bc50cdf6bdb685e24438be524fc82bec9f18f8d747f877e19bcd6bc41ab699a168fa7c665babfd42e92d6d6d90756791c8551ee481401a75c7fed0df12ed7e0c7c03f1b78bef6468ed3c2fa0deead33a8c9548207909038ecb5d3689add9f89746b5d474dbbb6bfd3efa15b8b6b9b790490dc46c032ba32e4329041047041af09ff0082975cdd6a1fb2bc9e16b29512fbe22788b42f0780470f05feab6b05e71cf4b36b96239e14e78cd0057f077c08f1dd9fec79f08f43f09f8a347d3358f0be9362ba9d9eb9a51d474bf11446c4c52db5ca0749506f712aba3e43c4bb95d4b29edbf636fd9ce4fd957e00e9de0eb8d5a1d66ea2bfd4755b99edacc5959c735f5f4f7b2436d0066f26da27b868e28f73158d17249c93ea1144b044a88aaa8802aa818000ed4ea0028a28a0028a28a002bc13fe0a5a8da77ec93ab788a3bbd3ece4f026aba4f8b8b5e5c47045347a6ea36f792c21a46540f2430c91a6e6037bad5ff8b3fb63da68fe3cbbf01fc39d166f897f126db02f34cb09bcbd3fc3c582957d56f76b47660ab2b08886b89132d1c4e0122af80bf6389bc4de34b0f1b7c62d723f88de30d3e5fb569b602dbc8f0df85e52a0036164c5b32a8c817570d24c77b95312bf96003cfbe267c24b2ff829e78f3e19f8c343f174d27c13b1f0d6a3aae99ac786f5587ed17daadea2d90578e48a44d89632df467203a3ccebf2b0a8be1d78a356ff008273ff00c136b43f0878f27b7b9f14787d66f02f81ecd7505bdbef16157961d16dd46d4df74f6a9099555708219e424468cc3bef89dff04ecf0778b3c63ac78a3c23ad78d3e13f8bb5cdcd7daa7833587d3e3bd95b6033cf667759cf3908a3cd921693031bb0483b7f06ff00615f017c1df8843c6863d73c5de3b103db2f897c53aacdabea504726cf352069494b5490c68592dd22462bf7680373f63bf8337dfb39fec91f0bfe1fea57b1ea5a9781fc25a568179771a6c4ba9ad6ce28249157276ab32160b938071da8af47a2800a28a2803e75fdb066b5f817f1dfe14fc64612c36b67a87fc205e219630767f676af342904b28553f2c3a8476877b1091c73dc3138248fa2abc47c7fe3ef843fb73f843c7df0562f19687ad5d6b5a3dee99a9d958ddabdcc316e7b59a687b3b41382acc9b8452a856dad815a1fb0afc65d53e37fecc7e1dd47c45b57c61a409740f1322eeda9ab58caf6979b4b2a92ad344eea71caba91c106803d7a8a28a002827028af29fdb2dbc2777f050e97e31d5a1d2b4fd7b56d3f4db25b8d4a6d3adb53d424ba8fec9613cf12b32c1733ac7048b821d2564c1dd8201eacac1d411c83c823bd78ff00ed77fb48ea1f05342d1fc3fe0fd361f117c51f1e5d1d2fc2ba4499f244b8ccb7f77b4829636887cd99c10480b1a132cb1ab7837ec17f1f3c3ffb307ec75f16b52f185f3dad8fc32f1deada6ddc5a7c925de95e6b7d9e582c3430ecd2cd013750dbc5113bcdcf9d12aae1517d83f643f81be204f116b5f17be265b88fe2878ea08edffb3fcc12c3e0ed223667b6d2202bf29652ed2cf20c996791fe631c70aa00767fb2ff00eceb63fb35fc366d2a3bc9f5ad7b58bb9358f126bb72a05d788353982f9d772e3819daa8883e58e38e38d4054503d1a8a28038bfda2be0bd8fed13f02fc55e08d4a4920b7f12e9b2d9adc478f36ca523315c46482049148124438386453dabc474af8ed6ff00b40ffc1363c49ad78d3c2f79adf88347d3b51f0ff893c3f67a0dc6b573fdb565249673471594713cd26eb84124788f26292393853babea2af9d743f37f679ff82856a9a6ee48bc27f1eb4f1ab5aa6cda21f11e9d02c57433bb04dce9d1db3850b9ce9d3b16f980001d8fec1f7f25ff00ec5ff0b7cfd2f5ed16e6dfc33636b7161ad69971a6dfda4b142b14892c170892a307461f328c8c1190413cf7ed35bfc61fb57fecfbe184921786cf5ad53c5d7d6edcbbc365a5cf6b1b7ae16e751b76cfaaad7bd5782690cbe38ff8296eb5235ba491fc3cf87f696b15ca83fbb9f55be9a49a263d33e5e9b6cd81d9fbe46003dee8a18647a7d28a0028a2be7ef1efed8bab7c44f13ea5e0ef813a2e9fe3cf13697742c755d7ef2678bc2be19977012acf731826eae625c93696c4b86012478376f001ea7f1a3e39f84bf678f05c9e20f18eb769a269be62c11194979af676fb96f6f0a8324f3b91848a256773c2a935e46b67f143f6ca8d5af06bdf057e19cc4b8b78a4587c61e218bf844a70cba5c2c3928a5ae8a900b5b3065ae97e0c7ec6ba57813c6f1f8e7c61ac5f7c4af89de5b463c47acc31a8d2d5f1be0d3ad9079765076da9991940f365958163ecb401ccfc22f837e17f80be07b7f0df83f43d3fc3fa2db3bccb6d691ed5796462f24ae7abc8ec4b33b12cc4924935d35145001451450014514500145145007c77fb247c04bc7fda1b42f186bdf0d7c53e05b2f04e9bab7863c09a096b3fecdf0ae993cf13dc5c4cf15cc8f3dd5eb5b5bb000148638d5301b7b376fe0155fd9e7fe0a15e2cf0db2887c3df1cb4d4f1769583f775bb048ed3534c724092d3fb36504e06e8a6ea4d7d1b5f3fff00c146b47b8d03e09587c4ed32d66bad6be09ead0f8d628a087ce9ee6ca00c9a9dbc6b9197974f92ed17afce50e0902803e80a2a9f87f5fb3f1568363aa69b730dee9fa95bc7756b71136e8e789d4323a9ee194820fa1ab9400565f8dbc3da2f8abc277f61e22d3f4ed53449e23f6cb5bfb74b8b69631f31de8c0ab018ce083d2b52be5efda1b5a9bf6e1f8b7a9fc09f0ddfc91f81740309f8adaadaf3e74322f989e1b8a5e8b35cc7b5aeb1978ad25551b1ee637500ccfd9c7c09a5fed85e36f0d7c44b3d2b45d2fe02f82563baf859a258db2456daddc3aef3e209225016345ddb2d222aae87ce99fe692358beb4aafa3e916be1ed22d74fb1b786cec6c614b7b78224091c31a00aa8a07014000003a01562800a28e777fb3da8a002bc5bf6f6f859ae7c43f8013eade0f52de3ef87b7b078bfc2ea1d50dd5ed91321b32cc4054bb80cf68e490025d31ed5ed35c7fc76f8f3e15fd9afe19df78bbc65aa2693a2d8bc50ee11b4d35d4f2bac70dbc11202f34f2c8ca891229776600024d005ef847f1374cf8d1f0b7c3de2ed1a46934af1269f06a56acc086f2e540e010403919c1f715e4dfb1b5a7fc249f167e3f78d1a3755f1078f1b49b372d90d6da569f67a7b003a8c5e437c79fef71c609f34fd94b5cf8f5f09fc2baf69f63f0712ebc0f73e25d4355f0c41aef8b61d3f5cb0d2ee9c5c0b69adc45322b25c49722356981584c0adb19580e8bfe097df1274fd33e0fea9f0ef5e8350f0bfc50f09ea17faf78b3c3dac848ef2c9b55bfbad445ca3ab3477168cd3c91a5c44ed1968644c878dd1403ea4ae07e347ed31e11f80dabf87349d7b5065d7fc6573258f87b49822325d6b57491b4a608ba2062aa4e64645f5615e67a97ed63e22fda4afaff42f8076563a95adadc3595efc42d5e091fc3760cb9127d8954a9d5654605310bac0ae0879b7218cf69f00bf644f0efc0cd6ef3c493de6abe32f883ac4421d57c5fafc893eab7c8318894a2a456f00c0c416e91c6319da58b3100e253e107c4afdaea7b7bdf8997979f0dfc07bfcd4f01e897aa752d5970c00d5f518c9c21dcac6d6cca286501ee274250fbb7817c09a2fc30f0869fe1ff0e693a7e87a1e9308b7b3b0b18160b7b68c7454450001d4f1dc935ad45007c43fb79fed11e30f087ed71f08f4fb7f136a3e0ef0969ff11341d1e7b2b78813e30fb75bdd3cde6b8dc56da1db0aaa8dacd279858155427edeae6fe22fc1ff000c7c5b7d0dbc4ba258eb4de1ad4e2d6b4a3729bbec17b10611dc47fdd9143b00c391b8fad74940051451400514514005145140051451400532e2de3bb8248a58d248a4528e8ebb95c1e0823b834fa2803e75ff008274dcc3f0e3c0fe29f82f24cdf6df823ac3683691484f98da34a82e74a97e666665fb34820dec7e692d25e062be8aaf8d7e22f8b3c61e26ff00828e6a57df01747d175cd5349f0b8f0b7c48d535cb99ed740d3a7593ed5a546af1231babeb713ddb4b6e9b4a437b16f9622d187edae3c6bfb50fc1ad3afb58f11f873e16fc5bd2ed91e66d33c1515de81ad222c6cdb604beb89e0ba9198050ad35b8f9ba9230403a8fdb03e3eebde078b45f007c393a4dd7c5cf88264874386f5b743a35a46516ef58b8887ccf6f6ab221da3025964862dca64dc3b5fd9dfe01e89fb357c29d3fc29a1b5d5c436a5ee2f2fef1c4979abddcac5e7bcb87c0df34b216766f538000000f22ff008272f86adfe23f822efe3a6b57da6eb9f10be2c448fa8dcdb432469e1eb2824905be831aca04b18b3679565570acd74d72ec89b8469f4a50014564f8afc79a1f80f49b8d435cd6749d16c6d577cf737d771dbc30afab3b90147b935e2badff00c1517e05da4d2dbe87e3987e205fc61b165e04d3eefc5b71232f5409a6c53fce31f74e08a00fa028af03d13f6ccf157c409ad5bc2bf01fe2c5d585d023eddaf4169e1d8e13d46f86ee65ba507239f20f718c822aaea5ac7ed51e39b75fecbd17e07fc38c4b869356bdd47c5523a7af9502d82ab7518f35877cf6a00fa1abc0fe2878717e22ff00c141be1ad96a6cd3693e0cf0cea9e26b3b39101865d49e6b7b38ee7dde1825b855f4fb4e7a8522bc3fb247c52f183ac9e32fda3bc74db652e6cfc1fa1e97e1eb3917fb84c90dd5d63dd6e437bd6278ebf60d9be15f8e347f8a7f0af50d7356f899e1959a092dfc57e26bfd46d7c4ba6cfb0dd69ccf3c8e2d59da38a58a58d4049618f72b465d480637c3fd53e297ed98bf12fc55e1ff008a97ff000e4784fc55a9f867c2da1d9e9367359a369ee2169b585b885ee2669e6577290c96e16dde2dbf393334dff0520f819e1bf893e23f80baaf89f4d8f559c78e6cfc3fa8da432490dbeb9637b04eb359dc053ba6b51324370607263636c03865c83e7de2af893fb3cea3e3cf106a9e31f007c74f0378d3c5532cfaff0084a1f0c789447e2bba8614527ecfa724965a9b18d123692269448b1aabb10a00f63f871e1cf15fed55f1afc29e3cf12786752f01fc3bf87e65bef09681aa298358d4b509ade5b537f7b6eac56de38ede79921b77cc81a667708c88aa01f44e99a65b689a6dbd9d9dbc167676b1ac30410c6238e1451855551c2a80000070054f45140051451400514514005145140051451400514514005145140053642446db7ef638a75437fa841a5584d75753436d6b6d1b4b34d2b848e2451966663c00002493c002803e0ab5bdbab2ff008378fc4de228f50d4f47f14df7c35d57c51a95fdadd49a6dec5ae3c535ddcc864421e2905e6f079c8c153e95ef5fb0cfc3b93e1cc7af2df59dc68b7baa456925bd8cbf106efc57f69b748c9fb5817001b72d24ae8c10b2b88e339cf0386d5fc05ab787b40f116a5f0f743f0bfed07f00fe24193589bc25697f67e75a5c4cde6cd269f3c8c2d2eed6e24fde1865923d923bbaca55b62d1f87ede20f0b5f6b907c0bfd96e0f863e28d6ad92c2f3c4be2c8ac34dd36cda3cf97e64567349737d1c3e61758e2d91c9f3289e324b28047f0c7c09f14bc4bfb56fc7cd0fe1dfc47f0ff00827e1ee9de2db4baba1ff08d1d5f545d4ee748b19ef22b79a4b816d047968a531b5bc8c259e56270e057a6cdfb0247e2c3723c69f183e37f8da1ba71235bcde244d1208c8e70aba4c367f2fb12720e0e6bbdfd993e0145fb39fc2e8f459358bdf136b97d752eabaf6bb7b1a4775aeea3310d3dd48a802ae48555451b638d2341f2a0af42a00f1cf097fc13e7e09f8335c1ab5afc33f09ddeb1b021d4b52b25d4af9f0720b4f71be427249c96ce49af5bd2f4ab5d12c63b5b3b6b7b3b584612182311c683d94702ac51401e0ffb7d7c44f1e7c24f8532f89bc23a96a1a7e9ba2da5d5c5f47a3783ee3c51ac5e5c08c7d9238ad22cfee0c9b8ccd80db400af1e4bafa17ecdbf12ae7e32fecf7e08f16de49a34b79e25d0ecf53b87d22e7ed360d24b0a3b79127f147b98ed3e98acaf8f1fb33db7c73d6349d4e3f1878efc17aa6916f7364975e1bd516d8dcdb5c796658a58a58e585f26242b26c12c641d8e9b9b3d4fc24f857a17c0df85fe1ff06f862c469be1df0bd843a669d6a1da4f220890222ee62598800724927ad007454514500145145001451ceeff00668a0028a28a0028a28a000e71c50a770e847d68ce28a0028a28a0028a28a0028a28a002abeada55aebda5dcd8df5bc379657913417104c8248e78d81564653c32904820f041a28a00c3f863f07fc2bf05b46bbd37c23e1fd23c35a75f5ecba8cf6ba6daadb40f712e0c926c5014331009c01935d25145001451450014514500145145001451450014514500145145000cbb873eb9a28a2800a28a2800233451450014514500145145007fffd9);
INSERT INTO `zadatak` (`rbrZad`, `pitanje`, `odgovor`, `rbrKat`, `slika`) VALUES
(63, 'Najkraći put od E do D iznosi ____. (Odgovor je broj.)', '7', 7, 0xffd8ffe000104a46494600010101006000600000ffe1003a4578696600004d4d002a00000008000351100001000000010100000051110004000000010000000051120004000000010000000000000000ffdb0043000201010201010202020202020202030503030303030604040305070607070706070708090b0908080a0807070a0d0a0a0b0c0c0c0c07090e0f0d0c0e0b0c0c0cffdb004301020202030303060303060c0807080c0c0c0c0c0c0c0c0c0c0c0c0c0c0c0c0c0c0c0c0c0c0c0c0c0c0c0c0c0c0c0c0c0c0c0c0c0c0c0c0c0c0c0c0c0c0c0c0c0cffc00011080087014f03012200021101031101ffc4001f0000010501010101010100000000000000000102030405060708090a0bffc400b5100002010303020403050504040000017d01020300041105122131410613516107227114328191a1082342b1c11552d1f02433627282090a161718191a25262728292a3435363738393a434445464748494a535455565758595a636465666768696a737475767778797a838485868788898a92939495969798999aa2a3a4a5a6a7a8a9aab2b3b4b5b6b7b8b9bac2c3c4c5c6c7c8c9cad2d3d4d5d6d7d8d9dae1e2e3e4e5e6e7e8e9eaf1f2f3f4f5f6f7f8f9faffc4001f0100030101010101010101010000000000000102030405060708090a0bffc400b51100020102040403040705040400010277000102031104052131061241510761711322328108144291a1b1c109233352f0156272d10a162434e125f11718191a262728292a35363738393a434445464748494a535455565758595a636465666768696a737475767778797a82838485868788898a92939495969798999aa2a3a4a5a6a7a8a9aab2b3b4b5b6b7b8b9bac2c3c4c5c6c7c8c9cad2d3d4d5d6d7d8d9dae2e3e4e5e6e7e8e9eaf2f3f4f5f6f7f8f9faffda000c03010002110311003f00fdfca28a2800a28aa7e20f1058f84f40bed5754bcb5d3b4cd32de4bbbbbbb990450dac31a96791ddb0155541249e0004d005ca2bc27405f1d7ed6423d65b56d5be1bfc37b850fa659d8a793e20f1044795b8b89645cd942c3948235f3b0433c9192625de4fd893e1d98d7ceb1f105ddc2a85fb5dc789f5392eb8efe69b8de0fb8231db1401eb145786f897e187c40fd9eed5f5af877ac6b1e3ad2ed1435df833c437c2e27bb881cb7f67dfca44915c6092a972f243210a9ba0c9947a77c22f8b3a2fc6ff0087ba7f89bc3f34d369ba8ab612785a0b8b59118a4904d1300d1cd1bab23a300caca41e45007494515e5ffb6d6836be25fd8fbe285ade2492427c2ba9498495e36dcb6b2329dca41e0807af6acabd4f674e553b26fee35a34fda548d3eed2fbcf50a2bc73fe09e08b1fec13f05d5542aaf823470001c01f628abd8ebaabd3f675254f7b36bee3930f5bdad28d5b5b9927f7ab8514564f8ebc73a3fc31f05eabe22f106a36ba4687a1dac97d7f7b72fb21b586352ceec7d02826b23635a8af0bf0d683f107f69e76d6bc41a96b1f0dbc0d7433a5787b4eff0046d76fe12389f50b92375b17078b5802bc6002f333318e3dcff8624f8766305ac7c4125d28c0bc7f13ea8d780e319f3bed1bc1f706803d628af0dd7bc07f103f66f56d6bc1bac6b3f113c316a9bafbc25ad4e2e353f2c632fa75f390e65550c7c8b92eb29202cb09e5bd5fe1bfc44d23e2cf8134bf1268375f6cd2358b75b9b694a346db4f556460191d482ac8c032b29040208a00dba28af39fda97e0df837e38fc25bcd1be215bcda9782d4f9faa69419fc9d6230ac05bcc89f3ca85981f297efb2a0c303b4a95eda0d6e7a3515e17ff0004eefd9bedff0064afd9aed7c0b6735c4763a6ea77f7561a64d78d75268167717324f6b61b9998a886092340b9c0c71c62bdd2ae4acf417f5ff07e614515c37c77f8df6ff053c3d64d169b77e21f116bb74ba7687a259baadc6ab74c0b6d0cdf2c71a28692491be544466e4e01903b9a2bc5f47fd9b3c49f11e21a87c52f1aeb1a85ecce251a27862fae345d1b4e192444ad132dcdc90080d24d200e57222881d82f1fd8a3c096415f495f13f87eea32192e74bf12ea104808e848f38a3e3d1d5875e393401eb5457858f885e2efd963c496363e3cd5878bbe1f6b175158d978b24812daff0042b895c47141a924604524323b2aa5d46b1ed6754923c7ef8fba50014515f39ffc15c356d53c33ff0004d4f8d7ade87adeb7e1dd6bc3fe11d4353b1bfd26fa4b3b98278adddd0891086037007008e953525cb172ec5423cd251ee7d194561fc31b992f7e1af87a69a49269a6d32d9dddd8b33b18949249e4927bd6e56b521c93707d1d8ca9cf9e0a6baab85145792fc67f8dbaf49e395f877f0dedb4cbff001dcd6897d7f7ba8abc9a67852ce46748eeee910ab4d23b249e55b2bc6d3189f32448ace20b3d6a8af21d3ff63dd2f595371e35f1478d3c73a94c3f7d25deb33d8d9e4e4e23b4b568a05519e015661c658919a5bbfd8eb45d1a359bc1fe22f1a781f50841304ba7eb73dd5b2b673f3dadd34b6ee09ea0a027279079a00f5da2bc9fe127c62f12693e3d5f87df122db4e87c54f6ef75a46b3a6c6f1699e2ab78f689248e37666b6b88f70325b33be1595d24917708fd62800a28a2800a28a2800a28a2800af1bfdaa2d61f889e2df873f0eeea31369be2cd61eff5681b3b2e6c74f8bed2d138e8c8f71f654653c32b30390483ec95e41fb404f1f843e3bfc21f13dcfcb64ba9def872790e02406fedc185c93d333db4310f5330a00f5faf847f698ff828378bbe10ff00c14c7e19d8c1347ff0a264d5cfc33f124aa07cbe28d4618eeac99895cec89238e2e180df7b839ca91f6a7c43f164fe06f046a9abdae8daaf88aeb4fb76961d334d446bbbe71f7628c3b2a6e6381966551d4900135f9b3f16bfe09d7e26fda83fe0929e2eb5f1468ff17747f8c9e286b8f13cde1f1adf9d1597899e737713c08b3884c314e52347de00440ddaa3da28cfda493718d9b4b769bb349756e3cd6ed2e57d8ae5e65c8b472ba4decb4ba7e56972bf35ccafb9fa815f38f88be34f827f632fdadb5ab1f18f8c7c2be09f0bfc54d20f8934e3adeab069d09d52ca48ad75028f33aa932c373a636c5fe28e56e4b9c77dfb1b7c43f1b7c4efd9b7c27a97c48f09ea7e0bf1e7f67c30ebda65e9858a5e2a2895e368a47468d9f25486e86b292f4f8e7f6fa5fb2f36df0dfc113dadec83eeb5ceb1796d22459fefc71691bc8ea16ea33fc42b6a90e4938ef6edb18d3a9cf052b5afd1ee83fe1e31fb3dff00d176f835ff0085ae9bff00c7ab17e21fedadfb327c56f066a1e1ed7be36fc1dbed1f5688dbde5b0f1e58c22e236e1919a3b8562ac3219738604839048af7fa2b394535666a9b4ee8f9ebe177ed8dfb2efc16f0269fe19f0cfc68f837a6683a4c420b2b31e3cb1992d62030b1a192e18aa28002a83b54000000015d07fc3c63f67bff00a2edf06bff000b5d37ff008f57b2d1552936eec98c525647c4bf14ff00e0e1ff00d927e0d7ed023e1debdf15b495be7821b84d5ec3fe265a2b2c8acd83796de6468cbb70c1882091ea2bbaff0086a2f869fb79fc4af867e1ff00875e3af0af8f7c3466b8f176b3fd8da8437a8b169e6116d15c2292d16ebbb9b795438527ecc7838ad0f8dbff000490fd9e7f694fda32ebe2afc42f86ba3f8d3c6575656da7fda357792e6de18adcb18b640cde5ab0dc72c1727be702b4b58f865e17fd9d3f69af84f75e1bf0ee81e16d0353b1d6fc2ad0697a7c56708babafb0de424ac6a0648d325504f771eb4867ba6bb0df5c68b791e9b716b69a8bc2eb6b3dd5bb5c430ca41d8cf1abc6cea1b04a8742471b97a8f807e0c7edd7fb497c64f815f1fbc6da7cff0004e4baf817e2ad6fc3b1e8d2786b5283fe1264d3228e6697ed5fda4e2cda657202186708c065981247dfdaeebb63e17d16f352d4af2d74ed3b4f85ee2eaeaea55861b68901677776215555412492000335f8cffb1cf8cfe037c62f80ff00b6068be30f8ff67e17b3f15fc57f1435bd8e91e32b68db56b4922836c90da2b31bc4970c9b155d6619401b38ace526bda5b754db5d6cd4e093b75d1cb4ebf2d378c62e1172eb38a7e8e336d5fa6aa3af4f9ebfab1fb1c7ed2567fb61fecadf0ffe2969fa6dc68f6be3cd0edb594b19a412bd9995033445c001b6b657700338ce074af3bd07e28e91fb2d7ed4de3ef08ea11eb5fd83e2ab4b4f1ae931e9ba35f6a9f66b99de7b6d462d96d149e54664b7b79f2c1434979363a1abdff04b4f1e78f3e25fec07f0c759f895e0db5f00f8c2eb478c5de876f62d611d92ae562c5b3736fba30ade51e5338ed5b9e0cbeff84f7f6dff00195f5bed9b4ff02f86ac7c3e665390350bb9a5bcba80ff00b51dba69ae7dae074efd78a8a8d69462acaeecb7b1c5879374e2e5bd91a7ff000d87e0bff9e3e3affc2175cffe44ae13f689f13fc0cfdad7e1e3784fe24f847c4de31f0cb5c4774fa6ea1e03d79ede49532519945a80c549c8ce7079afa328ae7693dcdaed6c7ce7fb3a7897e04fec8ff0effe112f867e0bd7bc13e1bfb4c97874fd2fe1eeb70c2d3498df211f64e58855193d940e805777ff000d87e0bff9e3e3affc2175cffe44af51a2a9c9bd589452d11f9a1f0d7fe0eb9fd957c4ff001435bf08f8aefbc61f0e754d13569b4869b5dd1dbec970f148d1b482484b98d32a7fd72c6c3a1506bea7fd94fe23f877f6bef8dde30f8b5a06af6be20f0be85141e11f0a5c428de4f96d0417d7d7719600e67927b784f1f774f523ef1cf67f09bf619f839f02bc4579ac7847e19782742d6750be9752b8d46df4987ed92dcc8e5de53330326e6624921bad50fd9f7524f0dfed07f197c2774ccba849ac59f8aad430c79f617b650c0920f5db73637919c7411ae7ef0a432bfedd9fb66d9fec61f0c345bf8f486f1378bbc6dafd9784bc25a10b9fb28d5f55bc93cb8637976bf950afcd24920472b1a310ac700f1bf17fe3efc6ff00d9a3c5bf0d57c49a7fc39f18f867c7be2fd3fc35aa6a1a45adee93378505d3ec8cf9524d722f43ca44425dd6db19d098d81217cf7fe0b49f007c45e34b8fd9efe2be81a5ea9e20b7f809f12f4ff15ebba569d0bdc5dcfa56447753c312297964810f9bb141665570012457b63fedc1e10f8b9aa787f46f847e21f08fc4ad6b52d4ed46a1169ba82de45a1d8798ad737372612de448b18611c72946797680386c551b3b49eeaa5adde2941fc936e49cba5bc9915afac5689c1b4ffbcdc97cf9528b4badfcd1ec3e35f06e97f117c1dab787f5cb1b7d4f45d72ce5d3efece74df15d412a14923607aab2b1047a1af09fd9dff6a5d27c11f0c2dfc2fe289bc63a86bfe0dbab9f0f5dddc1e17d5751177f6499e08e569e0b778ddde348d9b0c7e666ce0e40fa219822966e028c93e95e51fb185f3f88be0c4be22f97ecbe2ed7354d7ac4a9c892d2e6f6592ddc7038788a38f66152593ffc361f82ff00e78f8ebff085d73ff912b85fda47c7bf0abf6aaf839ad780bc56bf143fe11af11dbbd9ea7069fe13f1059c9796ee8c8f0b491da0708c18e4290781cd7d17452945356638c9a77478cf823f696f01f80bc23a7e8b6adf11eeadb4c812da192efc17aecd33228c2ee7367962000326b8ff00dadbfe0a9bf0ff00f64bfd9cfc55f11eff0046f881ac58f84ede3bab8b38bc25a9d9c93234d1c676cb736f1c2a46fc8f31d41c632335f4b5733f18fe0d785ff683f869ab7837c6ba1d8f893c2fae46b16a1a65e26fb7bb457570aebdc6e5538ef8ab949c9ddee4462a2acb63e25fd957fe0e6afd92bf6acb8b0d3ed3c6da97847c41a82c61348f10e9535bdc195ce042af1892291f3d91d87bd7d43fb12688b3fc158fc6532b36b1f13ae9fc5ba8ccf8dee6e557ece848eab15aa5bc2bfecc42ba9f857fb37f80fe03786a6d2bc0be0df0c783ed2687c964d234d8acfcc00606f31a82c47ab126b9ff00d887546bafd967c1fa74c7fd3bc2d643c377c841531dcd831b3941079fbd093ee083dea4a3c77fe0a5ff00b5bfc54fd93fc7df062dfc0f71f0fe5d27e2bf8df4cf01cb0ebba15e5d5c69735dc9206be5961bd85654450805b98d09218f9c01005bf1cfeda7e3afd91ff6a1f85be01f8bd6fe11d77c33f18efa4d0f42f17f876cae3495b0d642ef8ac6eac669ee4ed9d73e5cc971f79595a35e18f89ffc1783e3cf81fc03f16bf647d235df19785b46d56c7e34f87b5cbab3bed560b7b8b6d3d65955af244760c96e195819580404119cd49fb7dde693ff000532fdabbf65cf08fc25d634df1b68ff000dfe21dafc46f15f88f44992ff0049d16d74f1ba3b77bb8f743f68b89182ac41f780acc57001aac3a5251bf5aae2fafb9cb4db7ff6ede72bf756774ac69884a2bb7eef9bfedebcd2fbed156eb7d35773eb7fdb8bc2773aafecf3ac788b488cb78abe1da9f17f87d97866bcb15698419ea23b88d64b6931d63b89075c57a978735fb6f15787ac354b36f32cf52b78eea06fef46ea194fe44579f7ed97e399be1efecb9e37bdb34f3b58bbd2e5d2f46b61f7af752bbff45b2b75ff006a4b99a141fefd76bf0f7c269e02f00e87a146fe647a2e9f0582be3ef08a35407f1db52666c5145140051451400514514005739f16fe16693f1afe1ceade17d6d6e3fb3f5687cb692da630dc5b3821e39a190731cb1c8ab2238e55d148e95d1d1401e13e16fda62f3e03456fe1bf8dd7569a25ddb916d67e347416fa0f88c021524924fb96372f95dd04ac14b16f29a45e17dc6c6fa1d4ece3b8b69a2b8b79943c72c4e1d2453d0823820fa8a5bab58efada48668e39a1994a3c6ea195d4f04107820fa57ca3e18fd8bbe10eabfb78fc4ad3ae3e18f80a4d361f02f85af56c7fb0ad85af9f36a3e2559653084d8ceeb146198824845cf4a00f50f1afed79a5ea5aedf7857e19c56df11bc736ec609ad74fb8dfa6e85291c1d4aed0325b01d7cae6761f7236ea317f623d47fe10f1e28f03f8a6455f8b16b7cfae789a67f957c43f68631c5a9db0c7fc7aba42b1220c983c810b125033fb77867c2fa6782f42b6d2f47d3ac749d32cd3cbb7b4b2b74b78205f444501547b015c47ed0df025fe2fe97a76a5a2ea49e1bf1e7859e4baf0debbe479df6095d409229630ca66b5982aacb0ee01c2a9055d119403d168af3cfd9efe3c0f8cba46a165aa69bff08df8dfc2f2a59f8934069fcf6d32765dc8c926d5f3ade55f9e298280eb9e1595d17d0e800a28a2800ae4fe367c21d3fe39fc37bef0eea1717961f6831cf69a85932a5e69575138920bb819832acb14aa8ebb959495c3065254f594500785f81bf6aabaf8551da786be3949a67847c491b8b487c47b4daf86bc4cdc0496de7918a5b4b27fcfa4cfe62b6e5433281237b469fe21d3f5692ed6d6facee9ac1d63ba114cae6d99a359555f07e526374700e32aea7a106a5d4f4cb6d6b4f9acef2de0bbb5b9431cd0cd18923954f05594f041f435f307c14fd877e0ceadf197e332dc7c2bf87f34367e2bb4486ddb41b6fb3c60e85a539c45b3cbfbcee73b73976f53401de78b7f6bab5f1aea375e19f840ba7fc41f17239b59ef2de533683e1c738cc97f751fc9b901ddf668d8cef803080f98b93fb195f4bf07aeb53f84fe2e9964f885672dc6bd2eaed1f929e3986797326a90a966dae1d9639a00cc6dcf9407eede166f76d1b45b3f0ee956f63a7da5ad8d8daa08e1b7b789628a151d1555400a3d80ae3fe3efc151f19bc2b6eb63a949e1ef146873ff0068787f5b862f364d2af15485664c8f361704a4b1120491b32e5490c003baa2bcf7f67cf8df27c57d2b51d335ab38743f1d785644b3f11e8cb2ef1692b02527849c3496b38567865206e0194e1d1d57d0a800a28a2800af2ffda13e12eb9ae6ada2f8e3c0ed63178f7c22b2a5ac178e62b5d7aca52867d367914131ac863464942b7952a23ed75de8dea14500799fc30fdacbc25f113c411f876f2e24f0978e366f97c2daf6db3d557d5a28d8e2e62078f36032467fbd9e2bb9f18f8d746f879e1cbad63c41ab699a1e91629e65cdf6a17496b6d6ebeaf2390aa3dc9aa9f11be15785fe307879b48f16787342f13e94e771b3d5ac22bc809f5d922b2e7df19af9ff00f660fd8f7e13f87fe3bfc66beb3f86de0786fb47f1ada2e9f71fd8b6ed2d88ff00847b457c42c5098c6e666f971cb1f5a00d8f16f8c2eff6ebd324f0bf83d750b3f859a92f97e20f15bc6f6ffdbd687efd869a180791264cac976308b1b9111776df17d01a6e9d6fa3e9d6f67690c56d6b6b1ac30c312854891400aaa07000000007402a6a2800a28a2800a28a2800af957c61f11f5af847fb63ebd71f0c7c3d7de36f0ddc24375f14b4db1dbff124bcf2552deeacb91e76a0f02c5e7da03930450483648c8b73ea1fb407c5dd68f892d7e1bf8026b6ff008581afdafdaa5bd962f3edfc27a7b33467529d3a331659160858a89e48dc64247295ed3e10fc25d1fe097812d7c3fa2a5c7d9add9e69ae2e64f3aeafe7918bcb713c9d64964725998f527b0c000153e10fed03e0df8f1a7dc4fe13f10e9fab4962fe55f59abf977da649de2b9b67c4d6f20ee92a2b0f4a97e2c7c75f07fc0cd2a1bcf16f88b4bd0d2edc436915c4c3ed3a84a7a456f08cc93cac7811c4acec4e0026bc6ffe0aa1f027c13f137f617f8cdab788bc21e19d7756d27e1f6bcd637d7fa643717366574eb860629194b261b91b48e79af5af867fb35fc3df831a9dc5f784bc0fe14f0e6a17636cf77a76970dbdc4e3ae1e4550ec3d893401c27843c3de22fda5fe29e97e32f1468f75e1af03f84e5fb5785b41bf429a86a57a5590ea77b11e2108ac560b7397525e590ab1448fdc68a2800a28a2800a28a2800a28a2800a28a2800af1af03ff00ca423e287fd93cf07ffe9cbc51553f6a9fdab752f81ff10be1af87f42d26cf5693c5de2cd3f44d66e2e252a9a3dadd79db1c2a905e690c2e10670023337f0ab5bf03ff00ca423e287fd93cf07ffe9cbc51445f32725d1b5f3493fc9a09692e47bd93f936d2fc62cf65a28a2803cbfe3ffc16d4bc4bab69de37f04cb67a7fc46f0bc2f158c972cd1daeb56accaf2e9b76ca09f2642a36c9b58c121122ab7cc8fb9f027e37e9bf1e7c11fdab656f77a65fd9ced61abe917a02dee877a8079b6b3a824075c820a92aeac8e8591958f695e43f1bfe15eb5e17f197fc2cef87b6315cf8bedade3b6d6b47122c09e31b08b795b76762152e62deed04adc02cd1b109216500f5ea2b9bf84bf16743f8dde01b1f12787ae9aeb4dbe0cb89236867b69518a4b04d1b61a29a3756478d806465604022be5df8dbfb59f8f7c11fb727fc20326bb63e1c9753b9d1c781f4696c61934ef185a48e7fb4dee6ed81922b98d166f2a28cc67f73bf6dc82ca84759a8757fd7fc1f44df4149f2c5cdecb73ec6a28a28185795fc03ff0092cdf1c3fec6eb3ffd47f48af54af2af81122c3f18be38b330555f16da124f403fe11fd2686d257607aad15f29fec9dfb7bafed33e37f0deafa849e20f09f877e21477971e02b09f451159f88aca0e93cb76e198dc4b18fb44702f90443bb225daccbf565538b5bff5ebe7e5d03ab5d8f2afda23e0f6b3ac6a5a7f8f3c07f6387e23785e268eda3b893c8b6f1159160f2e9775205256393198e4c37912ed70acbbd1fabf833f1774df8dde01b5d7b4d8ef2cfcc67b7bbb1bd8fcabcd2ee633b66b69d32764b1b82a4648e8412a413d55789fc69f02eabf05bc7973f15fc136379a834d1a2f8cbc396517992788ed635c2ddc118e4dfdba0c285e678c1888661094903db28ac9f0278ef47f89fe0cd2fc45e1ed4acf58d0f5ab64bcb1bdb590490dd42e372ba91d8835e0bfb44fedfda3fc2df8dd75e01b4d534ad0e5d02c2d355f13f89b57d3aeef748f0dc5752b476d14e20d8a924de5c877cd3431c4803b3365518eaa3d58746fb7fc31f48514d85f7c4adb95f700772f46f714ea016ba85793fecf3ff258fe3c7fd8ed69ff00a8de895eb15e4bfb3fbb27c5df8f4c8be63af8d6d4aae71b8ffc235a2606687a6a07ad515f2bfc15d7ff0068af08fedc30e81e3ef137827c61e03f17786af75e6b1d1fc3d269f3780ae21b8b78eded1ae7ce97ed8b32cd30596411339b39596350180faa29dbdd52eff859b4d3f9a7e5d507da6bb7e3a277fc7ad9851457cd7fb617c47f147c3bfdb0bf665b3d1bc4baa58e87e36f15dfe89ad6928b09b4be863d1750bb566263f337896088e438002600196cb8c5c9a8a149d937d8fa52bce7f685f8eb37c2ab3d3745d034f8fc41e3ff00163c96de1dd1da4d8933a81e65cdc30c98ed200cad2c8012015550d23a23697c76f8dba7fc09f039d52ead6ef56d4af265b1d1f46b2da6f75cbe93222b5803103731192cc42468aeeeca88cc31bf67ff00835a9785af752f1978ca4b4d43e22f8a9231a8cd037996fa4db265a2d36d18aab7d9e12ce77101a591de46037055919a3f00fe06dbfc15f0f5eb4d78dadf8a3c4373fda3e21d7258f64dabdd950bbc8c9d9122aaa471025638d55467927bca28a00f1aff00828c7fca3dfe3bff00d93cf107fe9b6e2bd96bc6bfe0a31ff28f7f8eff00f64f3c41ff00a6db8af4df1df8c13c11e1c96f7ecd3df5c332c3696707fadbd9dced8e25cf0327ab1c2aa86662154909bb6a06c515e25ff04f8f8dfe28fda17f66b83c49e326d34f880ebdade9d702c2231dba2da6a9756b1aa03ce0244a327938c9e4d7b6d5ca2e2ecc98c9497320a28a2a4a0a28a2800a28a2800a28a2803e70fda77fe09ff1fc72f15f86f56d2fc55e26d15f4ff1a59f8ab52846b574b0ca218da36102ab62290aec0a4600c1e95d3f8022f23fe0a03f1323dccdb3e1d783d7731cb1c6a5e28ea7b9af68af1af03ffca423e287fd93cf07ff00e9cbc515308a82718ecddfe764bf28a096b2e77bdadf2bb7f9b67b2d145154014514500789fc55f03eabf01bc7d79f133c11a75c6a367a9156f1a786ece3dd26b11aaaa8d46d9075be8635c15519b88d550e5e38b1e6be2dfd8774bfdab751d67c53a0fc47b2bff863f16352d0fc5b7f6dfd93f6ebb79f4f30c96f269d7fe7a8b4471045b83412b290e51a366247d6d5e07e39d3ae3f631f186abe38d262926f85dad4af7de2ed2618cbb7876724b4bac5b2a824c4dc9b98541e9e72e184a243ed29755ff0ff00a06e9c5f53df28a874cd4edf5ad36def2cee21bbb3bb8d6682785c491cd1b0055d5870ca410411c106a6a002bcabe03c6b2fc62f8e2aca195bc5b680823823fe11fd26bd56bcafe01ffc966f8e1ff63759ff00ea3fa450d5d5981c6fc2afd833fe15df8bbc0f1ddf89adb56f03fc299aeaebc15a30d185bde69524f1bc204f76b2959e38619658a24482121594c8d2b286afa1a8a29b937b85b5b851451480f02f18bb7ec4de38bff1543b57e117896e8dd78920270be10be91be6d4e3ec2ce6639b95e044ff00bf18569cd607ed13fb15f883e257883e2a9f09ea9e1d8740f8f9e1983c39e2a1a9090cba618e29adbfb42d022b2cf235a4e63f264689434113f9846e43f4bdf58c3a9d94d6d730c5716f708d14b14a81d2546182ac0f04104820f5af08f005fcdfb1c78ff4ef01eab2c927c33f11dc2db78375294fcbe1fb96385d127727fd5b1ff8f473d7980e1961f326514f7fe976febf32a3269dd7f5fd7fc07a5cf6cf08f866dfc15e14d2f47b33335a6936915940657df2148d022ee6ee70064f735a14515a4a4e4dca5bb338c5462a31d905793fecf818fc60f8f3b4856ff84dad7048c807fe11bd13b57ac5793fecf3ff00258fe3c7fd8ed69ffa8de8953be851c27ecddfb2cfc75f861f18eeb5ef1dfed01a2f8ebc3b7d35c5ddce8b61f0f21d1259e67e2106efed93c9e4c2b9558c82480996e0eefa4e8a28be8976d3faeff30eae5dff00af97c82bc07f6d0f817e1df11f893c11f15fc53f103c61e11b3f82f7cfaed85ae931584905ddccb04d6851d26b49a69a49a3b968122899599e44083cc209f74d735cb3f0c68b79a96a5776da7e9fa7c0f73757571208e1b68914b3c8ecd80aaaa09249c0009af11f861a15f7ed5de3dd3be247892d66b4f0468b28b9f02e87730b4725cbede35abb46e448c0916f1300624cc8dfbc902c226d34d03d534fa9adf02fe1beb9e37f1a49f143c7d6f25a6bf791341e1dd05c829e11d3dc0ca36090f7b36374f20e146c857e58d9e5f62a28a0028a28a00f1aff00828c7fca3dfe3bff00d93cf107fe9b6e2bd07e23fc25f0ff00c5ab2b3b7d7ec5af134e9fed56ac9732dbc9049b59372bc4cac3e5661d7a1af3eff828c7fca3dfe3bffd93cf107fe9b6e2bd968b5f703c87f629fd90f4cfd8b7e115c78534dd4ae7575bad6350d564b998cabff1f57935c2c6124964c08d65099046fdbb88049af5ea28a6e4deac518a4ac828a28a430a28a2800a28a2800a28a2800afcc5f867ff000564f116a7ff00071178ebf67fff00853f321bed134cd167d7ff00e1203b2dec74d4d53501a8080da8de256d52387cb12610c6cdbdb3b57f44be2c7c6bf09fc0cf0f47aa78bb5fd3741b39e516f6e6e65c497931fbb0c118cbcd2b768e35676ec0d7c57e17f8476f71ff000574d73f69ab1f863f13ef34cbff008736de1986e26d08595c0bc177219196deea48ae157ece908e62e4b1eeb8a00fbf28af3cf85bfb53782fe2d789a5f0fd8ea179a5f8a6087ed32681ae69f3e93ab087a79ab6d7289249103c79b1868f3c6ecd7a1d0014514500145145007cf7e6b7ec21e2b546f2d7e07ebd74a88df757c017b2b8014f61a64cee307e516b26724c520f23e84aafab6956baf69773637d6f05e595e44d05c5bcf189239e360559194f0ca412083c106bf197c27ff0522f8f5ff04ddff82c9e87f0afe39787effc23fb32f8ba56f09f806ea591aff4db2496606ca53a8851bdd58089e397e782291377eed44ae01fb446bf31ff00e0881ff0583f107fc144ff006c1fda0bc27ab7c1d97e1bdd787ef60d5757697c47fda6d61791dbdb696d6242db46a5b7d8cafbf774046d38dc7f427e2cfc7bf087c0db5b27f146b96ba6cfaa4861d3ec951ee2ff0053907263b6b5895a6b87039db1233639c62be2cff827efc23d2ff635fda27f69cf8896bf0bfe275bd9fc6cf1ac1addacb6de18914fd8a3b24932f0330b8121bdb9d45883164ee53d580a00fd02a2b8af849fb447837e38cda85bf86f5a8aeb53d20a8d4b4ab9864b2d534c2df745c5a4ca93c3bb9c7988bbb1c66bb5a0028a28a002b17e227c3ed1fe2b781f54f0e6bd651ea1a3eb16ed6d7503923729ee1872aca70caca432b004104035b5450078dfc0af1febbf0f7c68df0b7c7b7936a1ac5bc2f71e1af104c31ff095e9e98cf9870145fc0081320e1c6d994057648fd92bc3ff00e0a27f0c7c65f143f64ef1343f0d74ad2752f8a1a4c5fda7e0e96fef5ac974ed522c986e125556f9d727e46c24a0b46e423b57c63ff06ec7fc14a7e2c7ed1971f15be0afed230ea5a6fc74f873ac4ba9b43a9d9fd8ee6e74eb973f204002b2c13065564f94c32c1b7214b3007e9e48c56362abb980c81eb5f995ff000438ff0082bcf883fe0a21fb5a7ed0de17d5be0f4df0dee344d4e0d5f56697c43fda4d637b1da59e94f6240b68d4b06d3e4937eee848dbc6e3f767c42fdadfc13f0fbc593f8756f352f1278a6d555ee343f0de9971acea168adf75a78ed91feceadd9a731a9c1c13835f237ec11f0e741fd833e3c7ed2fe38d5be1efc47f0c69bf193c749af5a5cc7e179ef608ac16ca16df2ada79cf11fb64fa83319157030c70083401fa094138158bf0fbe23f87fe2cf852d75ef0beb7a5788745bccf917da75d25cdbcb838601d091904104750410706bf24e7ff0082b4fc61fdbd7fe0b31e28fd9e7e1b785eff00c47fb39689790f87fc65abe8907917962b09905dcdfda05c24514b33082441fbd68627f276c877900fd06569bf6e0f1d731aff00c296f0cde06562432f8ef5085c1040e874db7917a9ff008f9997a08a2067fa02aae8ba2d9f86f47b5d3f4fb5b7b1b0b1852dedade08c471411a00aa8aa3855000000e00156a800a28a2800a28a6cf3a5b42f248eb1c71a966663855039249f41401f19ff00c17ebf6b0d43f63dff00825afc4ef10d9f845bc5d0ebda6cde15bb8975036674e8f51864b4fb5e44526f11348ac530bbba6e5eb5ec5ff04eafdacf54fdba7f633f03fc5ad5bc1ade019bc7168fa8dbe8cda97f68982d8cae2de4f3bca8b7799104931b06ddf8c9c64f8d7fc14b3c69e19fdbe3f609f8c5f0afe1f58f893e236a9e27f0e5ed8e9977e1cd2e4b9d25b538d4bdb47fda2c16ccff00a4a44afb6625013bb68e6bd07f673f8e5e03fd96fe06f817e1f6bd63e21f86f69e19d26c74382e3c43a2cf61a5b491c4918517d86b45677042ab4c19890141c8a00fa428a6c52acd1aba32b2300caca72083dc53a800a28a2800a28a2800a28a2800ae47e39fc5db4f819f0bb54f125d5a5cea5259aa4567a75b11f68d52ee5758aded62dc40f32595d1173c02d924004d75d5e53fb44dbaeadf137e0f69b3c8ab6771e2b92e644600895edf4dbd9e21c8ed222b0f751400df821fb3f1f095f8f1c78ea7b3d7be276a10117baa365adb468df0cd63a787ff00536a9855c801e6281e4258f1e9dfdb9641b6fdb2d777a79abfe34df10787b4ff001668b75a6eab6367a969d7b198ae2d6ee159a19d0f5574605581f42315f8b9ff0004c9d2be18eb3f093c37f0775cf80fe1fd734cf8a9f157c6da06a1af6a3e1281b4f82ce19efe4482deec60adc288915108f952390a81b38cf99b9fb38abbb36bcece2ade5f16fe45f2a51e77b5d27e4ad277ff00c976f33f603e307c0ff0c7c7bf0dc361e22d3d6e85abfda2c2f6091a0bdd326c713db5c21124320ece841ec720915cc7ece1f1275a9f5cf127c3df18dd7dbbc61e073048750312c3fdbda65c7982ceff006a80a1dcc33452840144d6f2155556515b5fb2dfc1e7fd9ebf66ff0002f80e4d497586f06e8769a2fdb426cfb50b789620fb727190a38c9c579cfed35a078b8fed57f0aefbc07af7867c3baf6a1a56b9a45e4dad68536b104f67fe87723f730dddab6e496050ae64217ce71b497c8daa24a4d45dd77ee65072714e4accfa0a8af1aff841ff00684ffa2a1f06bff0d86a5ffcbfa3fe107fda13fe8a87c1affc361a97ff002fea4a3d968af15b7f09fc7ebbdde57c54f82b26debb3e196a2d8ffcafd4bff083fed09ff4543e0d7fe1b0d4bff97f401ecb5e2dfb7c695e19f197ecf17be12f12782f43f888fe36b98b43d2bc39ab26eb4d46f6527cb321c1648e25579a49106f48e272b96001f803f6bfff008277ff00c1433e2bff00c1426ebc65f0dff683f0cf827c1b71a558d94f75631dd5869eef1872e53499a7bd5dd920349e6a17e38e335f567ecf9f0b7e317823f690f865a2fc6cf8a1e1ff008a1aa5a78735fd72d6e34df0bae8ab6b730c9a5da73899c4dfbabe970db2365dcf9dc1b800f62fd99bf658d1ff00663f07c371a86b17de30f190d361b4d67c63ae389352d4638578569189f2a05e4ac40ed5e492cc59db2e0ff8299fecdf74970d1fed05f04645b53898af8eb4b22138cfcdfbff00978e79af6eafc90f84bfb4478f3e04fedabfb5743e11f05cbae69be29fda0bc21a0eb5abb4b03dbe95657b169b6b71be063e63968a4601954aaeec9236f2534e757d92eab4f5e68c55fb2f7b7e96f314a5ca93f3fc39652f9bf776f33f44fc4de06f007eda1e06d1fc65e12f136977d750a34be1af1c7856fe0bb92d1837261b88cbc73425970f0bef89f04329edb1fb367c5bd4fe27f84750b3f125ad9d878d3c237efa2f88adad032db8ba444916684312c209e19229a30c490b285249526a7fd9b7f678d0ff0065cf85ebe0ff000def8f43b7d42f6fad202888b66b737325c792814002343215518e140af0dfda3fc61f153e127ed73ad5cfc1bf01f867c7fae78abc116936a161acf895f43b7b66b1bcb94866dcb6f3ef9245bc64da426f5b751bc0414e56e80afd4fabe8afc8dfd977f6edff00829078a3fe0a31e19f0cfc66f80b6fe14f86f796f7b2490f8734b5934d94a46c61f3b5569ae238df38c299222e47083a57e937fc2d5f885ff44aaebff0a2b3ff001a433d328af313f16fe2009027fc2adb8de4642ffc24765923e99a77fc2d5f885ff44aaebff0a2b3ff001a00f4caf99ff69df847a2fc71fdadbc17a6e8362747f881a16952deeb3e33d35becfa9e85a0dc33c3f6259003b9af658a558c3e4462d66957124686bd33fe16afc42ffa25575ff85159ff008d72ff00b1c5e6a7e29f1e7c68f106bda2ff0062eb577e318f4ef25ae63b968ed6db4bb110c61d38da1e49df1d9a673de803d4fe187c29f0efc18f08c3a1785f49b5d1f4b858c9e542bf34d237de964739692463cb3b92cc79249ae86be4bff82bafed45e29f803f0b3e1c7857c13a949e1ff147c6cf1fe91f0fed75c8e24924d0a2bc9b17175109329e7240b218cb2b287c12a71587fb65fc2bf84ffb2c7847e1edf6a5f103e247c3ebeb3f14e93716dac477dae6acbafbc37f6eefa7deb4626473763312a48033b4842038614475b49edcdcbf3b45bf5b2927e7b2d4728b5a75e5e6f96abf38bf4dd9e9bfb57fece1a958786bc53e34f85936a9e1df19dfd9ca359b5d11e3864f13c0d1ec936ab8308d4923e6dae5d4ed95235937c4596ba5fd85be007c26fd9cbf664f0be8bf05741d2f41f00dd59457d602d14efbc5911489e691b3249330c6e69097cf07a62bd634fbd4d4ac21b88d6658ee2359144b13432004646e460194f3cab0041e0806be76fd9eaebe27786bc3de24d23c33a1f81f54f0fe91e2bd66d74f9b54f10dd59dcac42fa56f2cc51d94a8aa8cccab873950a783900db462df547d1f457977fc241f1abfe851f85dff00856dff00ff002b691fc47f1a2342cde13f85aaaa3249f175f600ff00c16d007a9515e33e0ff8b7f13be21e9725f787f4af833ae5943712da4971a7f8e2eeea28e6898a491164d3880e8c0ab29e54820806bca3fe0a33a97ed51a9fec4fe3fb7f85be1bf0a597c429ace15d0a7f0ff89e79b518e7fb4c3cc4b71631c27e5dd9f32455dbb8938a00faf6bc0ffb01bf6d3f881ac7f6ced93e117856f9f4cb6d2d5b31f8c6fe162b7135c9070f650c80c2901004924733bee41103f1e7ec2b79ff000542d0bc25fda3f18a4f813268f6d646e26b3d62de6975ec24649895f4e7581646207ccc2619cf1d2bef7fd8ef4487c3dfb297c39b7b790ceafe1db1b8798b6e33c92c2b2c9213dcb3bb367beea00ef6c9ec74a861b1b63696f1dbaac315bc7b51635030aaaa3a00300014977f60d76d67b19fec7790dcc6d14d6f26d91654230caca7208209041e08afce1f8bbe13f0df83bfe0e44d275e8be1b8f146aadf0562d437697a6d9bdd4775fdb1749f6b26678c79811153cc0c5f000e95bdff0004cdf877e1783fe0ad5fb607882c3e1fd9f83b54f2fc32b1c7369d6905e5b89ece6926e606755f35d43361b2c402dd0514fde516fed293ff00c064e3f3bdafe5e615ff007729477e5705ff0081c632f95b992f3f23e8eb3f0fbfec53f12f47b7d2e675f843e32bf83474d2e425a3f076a93388edbeca7f86cee646587c93f2c533c5e5e164655f7eaf2dfdb83c3f0f897f639f8a16d2ccb6ad1f85f50bab7ba3806c6e21b779a0b852780d14a892293d1901ed5e81e0ed664f11f8474bd4268bc89afece2b878ffe79b3a062bf8138a00d2a28a2800a28a2800a28a2800af2bfdae7c3daa49f0f74ef14e83a75d6b1ae7c3dd561f11db69f691992e7528a2574bab685472d2c96d2ceb1aff1485077af54a28039bd23e2043f123e17daf893c0f75a3f886df58b25bdd2277bb68ecef55c06426544765520f50848e98cd7c83fb287ec31f1b3f648fd9c752f05e94bf0675ed7dbc4bacf8af47d7f549efde2d1af7509e79830b55b7cc9e50b874c89e32eb9fbb9af7ad53e0178a3e0f78bf51f107c27d434986cf5ab87bcd5fc1facef5d2aeee18967b9b49a305ec679189327c92c521e7cb472d21b937c7df1e69a4c375f05fc593dd05fbd61abe9935b33601e1de78db1cf04a03c72054b826efe4d7c9b4dfe296bbe9a15ccec97677f9a4d7e4de9b6a687ec67f04354fd9b7f658f02f8135cd5e3f106b5e17d262b2d43538d4aaea37032649f0791bdc96c76cd73ff000e7511f1e3f6afd63c616acb37857e1de9b3f84f48b94398f51d46e278a4d5245e30c907d96ce05753feb3ed8a7eed27887c21f14bf68885b4dd6a7b7f857e0f9be5bd8747bffb6788b548f8cc22e942c5628c372bb442594ab7eee4818073eafe06f0368ff0cbc1da6787fc3fa6da68fa268d6e96965656b188e1b6890615140e800ad272729393ebf2fc0ce31e549235ab9cf8c161aeeabf0a7c4969e17d4b4fd1fc4979a6dc41a55fdfa3496b6774f1b2c52c8aa4332ab9524020903008ae8eb9df8aff00093c33f1d3c01a8f857c61a1e9fe23f0e6acaa979a75f4425b7b95560e0329eb86507f0ace71528b8bea691972b4d1f2affc127be115bfece1e25f899f0f750f827f0d3e1678cb435d2aeb54d6bc05048ba378cede55b95b7b8ccabe7473234571ba095e464132b6f6f309afb32b13c05f0e343f861a2ff67e83a6c1a6da336f658f2cd236d0a0b3312cc42aaa8249c0503a002b6eb5a9372777d97e0adfd74ec92d0ce2adfd7f5fd77dc2bc6ff6adba3f0c35af06fc526593fb37c07737107881d10b9b7d1ef1152e6e081cec8248ada773ce2382438e2bd929b3c097503c7222c91c8a55d1865581e0823b8350510add0d4b4c1358dc5bbadc45bede61fbd89b232adc11b9790782323bf7af9a7f63bfd83fc61fb32fc76f8a5e32d67e207857c590fc5fd6a2f116bb616fe0e9b4e305f456f15bc46d647d46711c416256292248c5b90eb8c575fa4fc1bf1bfecd97ad17c369b4bf10f815db727843589dad65d17246574ebc5560b063245b4e8c149f9258d008eb55bf685f19245e59f82de3a377d36aea1a51873ff5d3ed5d3df6fe144749732ded6f95d3fcd2fb90a5152493e8eff3b5bf26cf597711a966215546493dabc4ff00664bb5f8c9f15bc73f16a194cda1ebd1da786fc3120e62bad32c5a776bd8ce3eedc5d5d5c61812af15bdbb0e08a8b5bf853f10bf697b86b3f1f4da7f833e1fb645cf86745bb6bad435f5e47957b7b8458edc8fbf05ba967e8d3ec2d1bfb669ba75be8fa7dbd9da410dadadac6b0c30c481238514615554701400000380050326a28a2803e49f1cf87acf4dff0082d7fc3bd42087cbbcd4fe166ba2e64dc4f9be5dfe9a138ce06013d31d6beb6ae1f53fd9b3c0bacfc69b2f88d75e1bd3e6f1ce9b6ed6969ad36efb5db40c006891b3f2c6d852c83e562a0904806bb8a23a52853eb1e6fc67297e0a56f912d5ea4a7d1f2fe118c7ff006dbfcc2bc4f44d43fe145fed81ae69b7c6283c3bf18561d574ab86f942eb96d6cb6f756a4f4ccb676f6b2c4a39636f764f415ed95cdfc5bf849a0fc70f025df873c4965f6dd36eca483648d0cd6d2c6c1e29e1950878a68dd55d24421959410411414703fb6ffec6ba2fedbbf06e1f0cea5a9dff0087758d1356b3f11786f5fb0447bbf0feab67289ad6ee357055f6ba8dc8dc3a965c8c82383f8c3fb2c7c53fdab3c11e0df0afc44d67c076169e15f14e8be2abad67408ae9a7d666d32f62bb4896ce6f96d565688066f3e7da09c03c63b6d0eebe307c13b7fecdbeb1b5f8bda2db00b69ab43730e97af141c05ba8582dacd27acb13421bfe78a9e4dc93e3e78f3550b0e95f067c551dd48a70fabeaba759dac471c6f78e799f19feec6c7da887baef1eea5f356b3f5d17ad95ef6429252567d9af93bdd7e2fd2eed6bb3b2f8d5f17b49f811f0cb56f146b4d335a69b18f2ede04325cdfcee42436b046399279a5648e38d79777551c9ac7fd967e1dea9f0cfe0969367af470c3e23d41e7d5f598e17df1c57b7733dccf1ab73b951e564073c8407bd60f827f67ed7bc57f10ecbc6df14358b1d6f58d25cc9a1e83a644d1e87e1c620af9cbbff0079757655994dc49b5429c470c44b97f60a06151de5a43a85a4b6f7114735bcc8639239143248a460a9078208e0835254779690ea1692dbdc451cf04e8639239143248a460a9078208e08349ec07c99ff0004638ec6cff662f195ae9eb6b15adafc51f18a450db8558e24fedcbbda15578031d00e315f5bd60f817e167863e17c17117867c37a0f8763ba2a674d334f8ad1662a30bb846a376012067a66b7aa9bd12ec92fb92454e5cd5273db9a5295bb7349bb7caf61b3c2b710bc6df76452a7e86bc6ff00634f10af86bc2ba87c2dd41fc8f117c2d9174bfb3c8dfbcb9d28e7fb3af10606e8a481447bd46d135bcf1fde8d80f66af3bf8ddf0013e295fe9baf68dad5e783fc73a02bae95af59c2933223105edae616f96e6d24655df13153c6e8de2902c8a893cb751fd85bc5577ff052ab7fda1a3f885a2c71c1e175f061f0db7859d95b4d17325d161742f41173e648c3ccf2cc61703ca27e6a9bf670fd897c5ff043f6c9f8a9f16354f889a1f8820f8b0b66ba868b6fe157b0163f628da2b530ce6f653c46cde66f46dec415f2c0db5d869bf163e2af82eda3b5f147c358fc497084a36a3e10d4e036f718fe336f78f1490e7fb9be5dbd37b75a352f8abf15bc6b68d6de16f86f0f866e26dd18d47c5fa9c3e4d99c1c49f66b3795e7c1c1f2fcd8770e3cc4ce411d2c9744d2f493bbfbdebf904fdf6dcbadafff006ea497dc925e89147f6d9d40fc40f0759fc21d364126b1f15d9b4abd8e390096cb43ca8d52ecf52a05b33428d8c79d7300ef5eda88b1a2aaa855518000e00af3cf821fb3e5bfc27bfd535dd4f57bef1778dfc44106ade20bf8d1269913263b682351b6ded232cc5214c8059999a4919e46f44a0028a28a0028a28a0028a28a0028a28a0028a28a0028a28a0028a28a0028a28a0028a28a0028a28a0028a28a0028a28a0028a28a0028a28a0028a28a0028a28a0028a28a0028a28a0028a28a0028a28a0028a28a0028a28a0028a28a00ffd9);
INSERT INTO `zadatak` (`rbrZad`, `pitanje`, `odgovor`, `rbrKat`, `slika`) VALUES
(64, 'Najkraći put od 0 do 4 iznosi ____. (Odgovor je broj.)', '21', 7, 0xffd8ffe000104a46494600010101006000600000ffe1003a4578696600004d4d002a00000008000351100001000000010100000051110004000000010000000051120004000000010000000000000000ffdb0043000201010201010202020202020202030503030303030604040305070607070706070708090b0908080a0807070a0d0a0a0b0c0c0c0c07090e0f0d0c0e0b0c0c0cffdb004301020202030303060303060c0807080c0c0c0c0c0c0c0c0c0c0c0c0c0c0c0c0c0c0c0c0c0c0c0c0c0c0c0c0c0c0c0c0c0c0c0c0c0c0c0c0c0c0c0c0c0c0c0c0c0cffc00011080099014903012200021101031101ffc4001f0000010501010101010100000000000000000102030405060708090a0bffc400b5100002010303020403050504040000017d01020300041105122131410613516107227114328191a1082342b1c11552d1f02433627282090a161718191a25262728292a3435363738393a434445464748494a535455565758595a636465666768696a737475767778797a838485868788898a92939495969798999aa2a3a4a5a6a7a8a9aab2b3b4b5b6b7b8b9bac2c3c4c5c6c7c8c9cad2d3d4d5d6d7d8d9dae1e2e3e4e5e6e7e8e9eaf1f2f3f4f5f6f7f8f9faffc4001f0100030101010101010101010000000000000102030405060708090a0bffc400b51100020102040403040705040400010277000102031104052131061241510761711322328108144291a1b1c109233352f0156272d10a162434e125f11718191a262728292a35363738393a434445464748494a535455565758595a636465666768696a737475767778797a82838485868788898a92939495969798999aa2a3a4a5a6a7a8a9aab2b3b4b5b6b7b8b9bac2c3c4c5c6c7c8c9cad2d3d4d5d6d7d8d9dae2e3e4e5e6e7e8e9eaf2f3f4f5f6f7f8f9faffda000c03010002110311003f00fdfca28a2800a28a2800a28a2800a28a0f4a00e4be347c71f0bfecf9e06b8f1178b355874ad2e12115981792790e488e345059dce0fcaa09c02780091f0d7c52ff0082e35ebeab247e09f045ba5929fdddceb9705a5947a98612027fdfc6fc2bc03fe0a3dfb46ea1fb417ed35aec324eff00d83e13bb9b47d2ad813e5a089ca4b363a16924563bbaec083f86be74f15eb93786fc3f737b6fa65f6b171081e55959ecf3ae1890a154bb2a8e4825988000249e2bcaaf8c93972c363fb0b807c14ca30f964330cfe0ead59c549c6f2e5826ae95a367295b7bdd5f44b4bbfbabc23ff05c2f1bd86a48daf7837c33a9d9e7e74b19a6b3980f666322fe63f1afb33f655fdbabc0bfb5bd9c91e83753e9faedac7e65ce8da8058eee35e32e9825648f271b909c646e0a4815f847fb3f7c56bcf8cbf0e575ad43498f43be4bfbdb09ece3bbfb52c4f6f732407126d5dd931f50315e9df0ff00c7dabfc2cf1be97e23d06f24b0d6346b85b9b59d0fdd61d41f55619565e8cac41e09a8a78ba9095a7a9ebe7be0cf0d675972c4e4d0f615251e68497328bbaba5384b64fad9464baded67fbe94572ff0004be26c1f19fe10f86bc596d1f93178834d82fbcace7c96740593fe02d95fc2ba8cd7b09dd5d1fc5989c3d4a156542aab4a2da6bb34ecd7de15e1dff000514fdad2f3f627fd96754f1e5869ba5dfddc3a969ba5472ead72f6ba4e97f6dbe86d0df5f4c8acd1da5b898cb23019db19195cee1ee35f377fc1557e1cf8fbe2c7ec9b3683e05d2f56f10dbdf6b5a7af8bb42d1f518b4dd5bc41e1cf387f6958d9dc4ae8b1cf2c195cf991b32ef4591198300c4a9fb0efed75e39f8cbf1fbe2dfc35f1c45e03d66fbe18a691711f89bc14d72349befb7c32cbf639239da430ddc2b1a3b22cd20315cc0ff002efdb5f4e57c37ff0004c4f8177df03bf681f88f79e0bf87be24f823fb3deada4d83697e0cf11dddb090f880493fdb2feced61b89c59db3dbfd99190ba7992a3388c72cdf6c3788b4f51937d6600e49332f1fad05aa737b265cae23e3d7ed11e12fd9abc14daf78bb548f4fb42de5c112a992e2f24c67cb8a31f33b7d3803924004d74e7c5ba5ffd04b4ff00fc084ff1afc5ff00db7bf68cd43f697fda1f5cd626b979347d3ae66d3f448437eee1b4472aaca3fbd2e3cc63ead8c90ab8e7c4623d9c6eb73f4cf0c3c3c9f13e652a5886e1429a4e6d6eeeeca31becdd9eb66924fad91f4b7c4dff0082e3eb173a93c7e0df03d8dad9a92127d6ae5a59a41d898a12aa87a71e63fd6b37c13ff05c3f18596a11ff00c245e0af0eea5664fcff00d9d3cd69328ee46f3203f4c0fad7c0be3dbfd7ac34207c35a6e9da96a924c88ab7f76d6b6f0a1cee919951d8e31f7546492391d6b9df825f14f54f1fdcf8a34bd7b4bb2d375cf08ea834dbbfb0dc35c5a5c6e8229e3923765561949402a46548ebcf1e6fd62b3f7ae7f523f0c782a8ce196cf05acb693f69ab49b6b9eff159376badbe47ef8fecbdfb66781ff6b6d1669bc317d343a959287bdd2af50457b680f018a8255909e37a165cf0483c57abd7e0bfc1ff008b3acfc0bf897a478b3409da0d5346984c83710b709fc70be3aa3ae5587a1ec4023f703c0ff183c3fe39f06693ad5bea9a7c56fac59437b12497281d16440e0119ea01c1af430d88f68bdedcfe6df163c335c358ba75700dcb0f56f6beae3256bc5b5bad6f17bee9ed77d456778be5d5a1f09ea8fa0c3a75c6bab6929d3a2d426786d25b9d87ca599d15dd232fb4332a3305c90a4f059ff09b68bff417d2ff00f0293fc68ff84db45ffa0be97ff8149fe35d3cc8fc93eaf57f95fdccf917c2bfb65fed17e13fdb93e17fc1ff00889e01f827b7c7d63aa6b17b71e0ff00176a7a95e689a758c4a1aee58ae74fb7458dee66b6817e7259a538042311f6757c89fb0ff83750f11fed4ff1cbe3c7c428adf42d6fc5da9c7e0ef07e9f7b7110b8d37c2ba5175824c677466f6f25bbba2849ca35b9e0fca3ea7ff84db45ffa0be97ff8149fe347320fabd5fe57f730f19f8cf4af879e17bed6b5cd42d74bd274d88cd737573208e38507724fbe001d49200c935f0dfc6cff0082dee9fa6ea5359fc3ff0009bead0c64aaea5ac4ad6d1cbfed240a37953fedb237aa8af35ff82c3fed3175e3ef8c36fe01d36f95bc39e1a862b9b95825dd1de5ecabbc3310704471b2851d99dfdb1f176a9752d8e97733c36f25e4d0c4d2476e8caaf3b0048405880093c02481cf240af3b118c92972c0fea8f0c7c18cb6ae594f37cfa2ea4aa2e68c2ed46317aa6f96ce526b5b5ec93b59b3ed9d13fe0b7bf10adb510fa8784fc1f796bbb26283ed16f263d0397703ea54d7d59fb27ffc14dbc07fb50ead6fa1badcf857c5570bfbad3b507568ef187256de6181211fdd608e4024290091f867e08f8dfe20bbf8c30f837c55e13b4f0fde6a3a44bac584d67ac0d411d22952392397f75194901914f1b94f20371cfa95add4d637515c5bcd25bdc40eb2c52c6e51e2753956561c86040208e41158c715560fded4fb2ccbc22e12cf3093fecea4e8548b71524a7171925b4a9ced75aa7b26d3d1abdcfe8228af17fd807f685bafda57f661d075fd4995f5bb53269baa328c092784edf33eb2218e42000019081d2bda2bd68c9497323f8bf36cb2be5d8dab80c4ab4e949c5f6ba76d3ba7d1f5414514551e7851451400514514005145140051451400514514005145140050dd28af10fdabff006bcff852f7763e11f0969bff000977c51f122edd234384e4420e47da6e4e47970ae09e4aeeda79550ceb32928abb3d1cab29c5663898e13091e693d7b2496ae526f48c52d5c9b492d59f94ff00b5c7c35bef849fb4cf8e344d42178da3d62e6e6dc91c4d6f348d342e0f7cc6eb9c670723a835e59e25d7d7c2fa1dc5f4969a85f2db807c8b1b76b8b87cb01f2a2f2dd73c7604d7ea278d3fe092727c5cf85f77a9f8afc63757df183549fedf77ae31692c43edc0b310f18b751801942b02010028f2abe31f89ff00f04f5f8c5f0a751921bcf03eabaac0a484bbd150ea304a3d479799141ff6d14fb578d570f38be6b687f75f08f88d92663855828e320abd38a8b6fdd52924939c14adcd16eed2f8adba47c6bfb1bdf5f59782f54d2352f0ff0089345bc8f59d4f520751d39ede2962b9be9e58b6bb70cdb1c12a3915ec40331c2ab3331c05519663e807735dd7c32fd98fe21fc66ba9a3f0cf8375fd5becd726ca7952d4c70dbcca06e8a4964da88cb9195660467debef0fd85bfe093dff000aa7c4da7f8cbe23cd67a86b7a7b89f4fd1adcf9b6d6328e56595fa49229e55546c523765ced2aa3467565748db36e35c9784b2b5431588552a538da304d73cacbdd4d2bf2f4bc9d975df43a1f82ff00f049cf047fc2a6f0db789a5f1743e22934e864d4a3b6d6e58228ae1943488a8bc00ac48fc2ba7ff874a7c1f3f7adfc55237766f105ce4fd7e6afa6b18a2bd6587a6ba1fc6788f11f89aad5955faed48f336ed19b495ddecacf65d0f9947fc1227e08e3fe407adffe0f6eff00f8ba7ffc3a37e06edc7fc237aa7fe0eeefff008e57d2f453f634fb231ff8885c4fff00430adff8327fe67cdabff0493f8121bfe452bc6f63ad5ef3ff00916a48ff00e0937f0163607fe10b95b9e41d66fb9f6ff5d5f475147b1a7fcabee25f1f7133ff0099857ffc1b3ffe48f9dcff00c1293e009396f87f1b6df5d63503ff00b5ebf287e337c34bef833f16bc47e14d463923baf0fea12da65c7fac8c3662907fb2f19471ece2bf79abe6dfdbc7fe09e1a47ed756516b1a6dcc1a0f8dac2211437ce84c17f18c910dc05f9b03276bae59727861f2d73e270aa51f716a7e99e16f8b589cbb32952e21c4d4a946aa4b9a7294fd9c93d1d9b6d45dda95b5d9f43f14fe3cf8cbc4be07f87cf73e11f0fdd788b5eb99d2da08625565b40d9cdcc8ace9bd1002762b02cdb572a0965cafd9a74287c2be13bcb05d23c51677d25c9bed4b52d7608a2b9d6aee5cf9939f2dd87f0a8c7015446ab902be9ff8bdfb0cfc56f8202ee6d73c1baa369f648f2cba8582fdb2cd63504990bc79d8a0027e70a40ea0566fc35fd90fe27fc5f5b393c3fe05f115edadf22c905dc96a6dad2446190e26976c6548e41dd835e772cadc96d4fea3fed0caaad68e75f5e83a51565efc3915f56d4ba37a5f5bd95b457bf9ed9d94fa9dec36b6b0c971757522c30431aee79a462155140e49248000ee6bf5a7e1e7fc126be0bd8f80b4487c41e09b7d435e8ac204d4ae86a97aa2e2e446be6b80b305197dc70001cd7cfdfb0dfeca36dfb30fedada5e83f14b4fb49bc49a9691fda9e12b982732d87da57779f19dcabbae234c95fe15dac46498d87e900aeec1e1d59b9a3f9ebc68f12b16f1387c1e475e74e9f2f3fb4a73715539b456716af18d9a77fb5756f76efe79ff87527c00ffa27b6ff00f836bfff00e3f47fc3a93e007fd13db7ff00c1b5ff00ff001fafa1a8aecf634ff957dc7e25febe7137fd0c6bff00e0ea9ffc91f3cffc3a93e007fd13db7ffc1b5fff00f1fa3fe1d49f003fe89edbff00e0daff00ff008fd7d0d451ec69ff002afb83fd7ce26ffa18d7ff00c1d53ff923f1bbfe0a3dfb34d87ecc3fb475c69ba0e96da5f85357b386f748883c92c680288e640ee598b0914b105890255e80815f3c7887566d0741bdbe5b5bcbf6b381e716d68824b8b8daa4ec8d491b9ce3006464915fb91fb57fec9fe1bfdae3e1cff616bab25add5ab99b4dd4a05067d3a62305973c32b70190f0c00e842b0fcc5f8dbff04c7f8b9f073539960f0ecfe2dd2e36fdd5fe86bf68f3179c1687fd6ab607236903a063d6bcbc461a5197345687f587863e2a65f99e574f039962153c54172b7395b9eda29a949da526adcc9be672bbb34ee7e77fc11d06c62fda32cf54f03e97e3bb4d26e34db8b6f12cfe27b4bd1f7769b58a29afb33970e5c948d8a639600ed27e8eaeb0fc06f1c43e23d374a9bc1de28b3d4b5a9cdad84177a64d6ad7b2819291f98aa1881c9c1e075afb0ff641ff00823c6b17dafd9ebdf163ecd63a5dabaca9e1e826134d7847205c4884a247d328858b038253041cd539d59592febccfabc4711645c2997ceae2f110b4db9a8c2caef456a74d3764dabb77e5e7726dabe9ecbff046ff00ecad1ff6609f4d8756d3ee75cb8d4e5d5750d3e29d5ae34f49523487cc5072bbe3891c7fbd8e18103eb8af9eff00697fd8e6ef5cf13db7c46f85b796fe11f89da2c6111d17658ebb02803ecb748382080143760003c0564dff00d947f6bdb1fda1e0d4344d574f9fc29f10bc367cad77c3b79f2cd6ce303cd8b3cc90b6410c3a6e19e0ab37ad4bdc4a9bf9799fc75c5947fb6aa56e25c03728ce5cd560fe3a326fadbe2a6f68cd79467695b9bd968a2bc7bc31ff000506f81fe35f8f52fc2fd27e2b781750f8830dccf64742835785ef1ee605df3dba283879a2504bc4a4ba004b01835b1f9f1ec34514500145145001451450014514500145145007cdff00f053cff8284c5ff04eefd9fdbc4d61e13b8f883e30befb4368de18b7be5b17bf8ad2de4bcbeb892764710c16d690cd2bc8548c88d07cd2203eedf0dbc5c7c7ff000ef40d78dbfd94eb7a75bdf9803eff0027cd8964dbbb0338dd8ce0671d057c17ff000545fd88fe3d7c40d67e3d7c48f06f88bc05e21d335bf84f7de0cd0bc35a8f876fefb57d32d1ed6692fa1d3da0b948fed77d398c176898916d6884111f3dd785ff0069cf893e04f817e01f83fa5dbf87bc4dfb405ce89045a87f65584d69a57852df62849ae9279256496388c7b9198e5f2766192379949455d9eae4f9362733c47d5b0a95ecdc9b768c22b794e4f48c5756fd15db48f5afdabbf6babaf873e20b1f87bf0ff4f8fc51f15bc44b8b3d3c1cc1a4c647fc7d5d9fe1451f30538c8e4e0609d4fd93bf644b3fd9eed6ff005cd635093c55f11bc4a7ced7bc4375f34970e707ca8b3f7215c0c018ced19c00aa96bf650fd92f4bfd9ab41bcb99af27f1178d3c40ff0068d7bc437996b9d466272402c4958c1270b9f73935eb95318b6f9a7bfe5ff04f7335ce30d85c34b28c95bf64ff008952d69566bcb78d24fe186efe29de565128228a2b43e38f98bfe09607ccf857f1164ff9e9f1135861c7fd71afa76be63ff82560cfc18f1c3ffcf4f1eeaedd3fda8ffc2be9cac687f0d1f65e20ff00c9458bff0017e8828a28ad8f8d0a28a2800a28a2800a28a2803ce7f6c2ff00934ff899ff0062bea5ff00a4b2552fd87be6fd8e3e177fd8afa7ff00e93a55dfdb07fe4d3be267fd8afa97fe92c95f00fed2f17c53fd9d3fe09cde0ff8c9e0bf8f3e3ad2bc4d6ba5786b4df01fc3db5d2f4c9743d7350b85b3b58b4b9a26b737776f7533484b8b84312be542ac458e5ff2f3e47d8aff009251ff00d842ff00d36cfb63f6edfd9f2fbe387c208efbc34ed6be3cf05dcaebbe1ab94ff582e62218c23da555db83c6ed84e4020f51fb2b7ed0163fb4cfc10d1fc596a8b6f7174860d42d39dd63771fcb34241e461b919e4ab29ef5e86858a2ee00363900e403f5af94274ff8621fdb7d661fe8bf0d7e394e23938db0693af0ce0fa28b804fa16627a2c4294bdd973f47a3fd19be51ff000af954f2896b5a8f354a3ddab5ead3f9a5ed20bf9a324b599f58514515b1f0e1451450014628a2803e69fdb554bfed51fb37affd4c97a7f2b74afa5abe69fdb34ab7ed71fb3629efafea2c3f0b64afa5ab2a7f14bd7f447d7f107fc8a72bff00af553ff522a85789fed59fb1edbfc74b9b1f14f86f5393c1ff00137c3b89346f105b0c36467f7170bc89216c9041076ee3c329747f6ca2ae515256678195e6b8acbb131c560e5cb35f34d3d1c649e928b5a38b4d35a347817ecc1fb5c5d7c4bd72fbe1d7c42b1ff8437e2be8f11175601f6c5aa4601ff4bb36390e8402db4138c12320123f3ebc77fb3ffc64fd8f3f675fd99fe05f883c1df0baf21f08fc6ff0f1f0cf8d34bf135c36b3e203fdb86ee4bb1a61b2dcb70d62f76d7ced725368b87cbabed1fa57fb53fec9fa2fed35e1eb3696e6e341f1568727da742f1058fcb79a54c08605581059090095c8e8082ac011f307ec23f09fe1bfecd1fb4847e1bf1e7c3dd1fc2df1a2ce19a0d07c4525d5c5dd96b16b29f9ce9a6e2474b3690001e1b711ab631b570635ce32717cb3f933e9b1b9561735a13ccb268f2ce2af5682bb705d674afaca9775aca9f5bc7de3ef6a28a2b63e2428a28a0028a28a0028a28cd001451babe64fda27f69cf11fc55f88971f083e0bc8b3f8a07c9e22f12ed2d65e13849c300fd1ae4f2028c953c0f98318e673515767b19264788ccebba546d18c5734e72d2108ade527d12f9b6eca29b69167f699fdaa75ed7fc7edf08fe0ec70ea9f10ae933aa6a8c37d8f84edce034b33608f3b91b5307048c82708de81fb2cfeca7a0fecb9e0b9acec249b56d7b5693ed3adebb79f35e6af70492ceec4921412db532719249662ccd77f669fd993c37fb2f780068ba1472dc5d5d3fda354d52e4efbcd5ae0e774b2bf53c9381d064f7249f45a98c1df9a5bfe47ad9c679878619e5193de387ba7293d275a4b694fb457d8a77b4777796a145145687c88504d141a00f993fe09527ccf811e2c93fe7af8df576ebd3e741fd2be9baf997fe094df37ecedaf3ffcf4f17eaadff9116be9aac687f0d1f63e20ff00c9478cff001b0a28a2b63e3828a28a0028a28a0028a28ce2803ce7f6c1ff00934ef899ff0062bea5ff00a4b257c45f01bf63bf8fde33f147c33f8b165ae7c21f13683e17f086996df0fb43f12c7a92c5e122f62897779e5c0764b7b31664f3db263846c40bbe4ddf6e7ed8273fb27fc4cffb15f52ffd2592a97ec367fe30dbe16ffd8afa78ff00c974acbfe5e7c8fb15ff0024a3ff00b085ff00a6d9e95a17dbbfb12cff00b4fecbfda5e427dafecbbbc8f3768dfb377cdb376719e718cd711fb517c01d3ff698f825ad7846fcac325f47e6595d60eeb1ba4f9a19948e46d60338e4a961debd06835a4a29ab33e63038daf83c4431786938ce0d4a2d6e9a774fef3c37f60bf8fba8fc63f8493691e27536de3df01dd1d07c476ee72e678b2a93fb89557391c1657c70057b957ca1fb575b4dfb20fed27a17c72d3a390785f5e31787fc79044b9511310b6f7e40ead190aa4f5c2aa8fbe6be8ff881f14bc3ff000afe196b3e32f106ad67a5f85fc3fa74bab6a1a94b27ee2dad228ccaf2961fc21013c75ed514e4fe17ba3e938af0545ce9e6d828f2d0c4a72496d09ab7b4a7ff006ec9de3ff4ee507dce828af03ff82787eddb6fff000502f847e21f14c3e09f137c3fb8f0df89aefc3377a3ebe62fb7c32c11c326e9163665425674ca649560c327193ef95a1f22145145007cd1fb63af99fb62fecd6bd3fe275aa367e96a86be97af9a7f6bf757fdb47f66b8f77cdfdadabb631dbec895f4b5654fe297afe88fb0e22ff915e56bfe9ccfff00522b0514515a9f1e15e7ff00b47fecd7e19fda87e1fbe83e24b790796fe7d8dfdb10977a64e3eecb0be0e1877072187041af40a294a29ab33ab038ec460ebc315859b84e0ee9a76699f2d7c1cfda63c51fb387c43b3f85bf1bee52492f1fc9f0c78d4af9769afa0e162b824e23b80300963c9fbc492af27d4a0e6b93f8d3f057c35fb40fc3ebdf0c78af4d8b52d2af872adc49038042cb1b754917270c3d48e4120fc1b07fc14735afd88754f107c37fed0d3be2f58f87dc5be87ac9bb6865b4519cdb5cb0422631f0b943c118ddfc31e12a9ecb49bd0fd1307c3b2e2f52ad92d251c5c6cea53568d3926eded20dda30777ef536d2eb4f4bc63fa3d9a2bf29f52ff82cff00c60bbd49a6b7b4f04dac1bb2900d3667007a163364fe18fc2bd53e057fc16e85d6a70d9fc48f0bc3676f210adaa6865d961f567b772cc57b928ecde8a6a638ca4dd8f4b30f0378b30b41d754a352dab8c249cbee76bbf28ddbe973f4128acdf0778c74bf883e17b1d6b44d42d754d2752884f6b756ee1e3990f707f423a82083c8ad2aea3f22a94e74e6e134d34ecd3d1a6b74d773c1ff006e9fdb9747fd8e7c176fb6dd358f166b2ac34bd34bed40070d3cc472b1293d072ed85181b997f2efe317ed9ff13fe3b6a525c6bfe30d585bb93b6c6c276b2b3887f74451901b1eafb9bdcd74bff052cf1b5e78e7f6d6f1b35e3318f47b88f4bb446ff9630c51af03d8bb48ff00590d7c89fb58f8df52f87ff02756bdd1ee4d8ea57535a69b05d0c16b33757515b19941fe24129619eea2bc7af5a5527c8b6bd8feddf0f782328e1ee1e867389a4aa5774fdaca4d26d271e6e585f4565a5d5b99eaddac97aee81f107c41e14bd5bad2b5ed6f4db853912da5fcb0b823fda5606be9aff82747fc143a1fd98eea2f0978934bd3c784754bb324daa5bc3b2f6ca572079d311febe31c039f9d5790580087f37bc35e176f813fb50786fc3fa66b3e26d4345f17685a83dd5aeadaacfa888ee6d24b765b9469999919d667560a429f978e063dc2b18c9d3929459f738dc9f01c4781af97e674145a972c92776a4a2a51946492bd94d3575bb69a6af7fe822d2f22bfb58e68248e686640f1c88c195d48c8208e08239c8a92be75ff00825678e2f7c71fb13f855afdda59b497b9d2d24639df143332c43fe031944ff8057d155ee425cd1523fcfccfb299e59996232e9be674a7285fbf2b6aff003b5c28a28aa3c90a0d145007e52fc12f8c1f19fe10ebbf0364d07c59e1ad0fe1678dbe35cfe19d43478349fb56adae79d6d7f3cad3dd4a765bc28d6d1848e18cc8c49669947eecfd2fff000565f8b3f1b3e07f87bc13e24f87be2df0bf84fc170f8c3c31a5eb91be926ff5ad6cdfebb696525b46f23082d60104c59a4092cae4ed5f276ef6f9afe157c00f8f9f1fbe1bfc32d43e1ee83f0927f0cfc2df89f71e36b59b5ff14ea1637daa5d4497b6cf68f1c3a7ce9145fe94184a1ddbe4fb8335f4c7fc145fe03fed01fb56fc1cf077853c29a0fc23b5f26ff40f13ebd3eabe29d421fb2ea5a6ea56ba835a5a88f4f7f3adddadfcbf3e4f2dc06dde5646dac687f0d1f61e207fc9498dff00af92fccfafe8ae7fe16de78a350f87da54de34d3f43d27c552439d4ad346bf96fac2097272219e58a1791718396890f3d2ba0ad8f8f0a28a2800a28a2800af92ff00e0a11ff052887f662bb3e12f09dbdaeabe359a1125c493fcd6da3a30ca975041795860aa64000866c8c2b7d687a57e07fc4df1d5e7c51f891aff00893507924bdd7b509efe52e73b4c8e5828f6504281d8281dab8f1959c22947767ed7e09f0360f88332ab88cc57352c3a8be5e92949be5bff007572b6d75764f4ba7b3f137f68cf1f7c69d426b8f1378bb5ed5cce70d04976c96ca0e78585488d475e0281599e09f8bde2cf86b7b15c787fc4dafe8b2424143677f2c4bc762a0ed23d8822be69fdb2f581a4eb7e015bd3ac6ada15dea1710dff0087344bb9e1d5b58630831cb0a40cb24d1db90cf2206030eac73b403b9fb176ab36bbf0423bb9354bad4219b53bd6b5b7bbbb92eaf34780cec63b1b8924fde19a15c2b0724a9f9724004f9ae32e5f6973fabf0d8ec07f68cf87e187828463b24ad65183f83979797df496addd3bc546cdfeb97ec0bff0558bdf885e2bd3fc0ff131ad7fb4752716fa5ebb146215b998f0b0dc22e155d8f0aea0292429504ee3f7957f3e8aed13ab46ed1c8a432ba9c3211c820f620f35fbb3fb3bf8daebe257c04f05f882fbfe3f35bd0ecafae3de4920476ffc789af43075a534e32e87f32f8e9c0780c9ab51ccf2c82a70acda9417c2a4acd38ae89abdd2d135a6e6c7c46f00697f157c07abf86f5ab7175a56b56b25a5cc7d094718c83d987507a8201ed5f9cbe37f875f1abe2ef85b43fd9cf475f026bd3fc20f165b6b5aee95e2bd66eb4883c73e1db7065d36212dbda5d1f252f3ecaf347b30cb0451162af283fa695f32ff00c1407c09aa7802f3c3bf1cbc216cd37893e1b313aadb47c7f6b68ef9171137af960b38cfdd05dba85c74d4d3df5d3f23f33e15ab0c6c2a70fe21a51aed3a6ded1acb483bf4534dd3974f7a327f023cbffe08a16ff162d358fda5ff00e1637857c2de1cb7bef8bfacdec2fa66a57974d7178eb6e2e3ca171690092cc058bca9c1dd2132031a6d19fbaab17e1e78f74bf8a3e06d27c45a2dc2dde95ad5aa5ddaca3f891c64647623a11d8822b6ab53e3eb529d29ba5513528b69a7ba6b469f9a0a28a28333e63fdaf1e38ff6e0fd9bda4758d52fb597249c00059a9c9f6af6cf82ff00b407823f68df0ddf6b3e01f15683e30d1f4ed426d2ae2fb48bc4bbb64ba871e6c5e6212a59772e7048e6be7dfdbbbe1fe87f16bf6c0f803e17f13e9763af787b5cfedfb4d434dbd844d6f7b03592ef8e443c3a30e0a9c823208209ae07f65ef89b37ec9bfb2e7ed79e27f09782750f145d782fe2878967d1bc2da05833cd7f2c76f66b05ac30c2a4852db54ec53b5724038c5654fe297afe88fb1e25ff00916e54bfe9c4bff522b9f5cf87bf694f0078b7e3a7883e18e97e30f0fea1f10bc2b670ea1ac787a0bc49350d32de508d1c93440ee40cb246c33da443d1949edebf227fe0973e3df0df817fe0ad1a6e94d63f13afbc67e38f84b35f78af5cd6be1d6b3a236b7e21b8d664bbbcbc956e6d90c3681112de0924c4491c16f6eae59556bf5dab53e3828a28a00f9b7fe0aa1f1ff50f80dfb2ddcff635c4967ac78aaf1346b7b88db6c96a8e8ef348a7a86f2e3640472a640c3a57e42aaed5c0180380076afd57ff0082c9fc2abef1f7ecaf6fac69f1c933783f558f52ba441922d9a392191f1e88644627b2ab13c0afca80735e3e3afed353fb6be8fd47091e1975285bda4aa4b9fbdd5b953f25169ae9abeecf2bfda93f68e9be017855a6d2f498fc41ad7d967d49acdee7c8482cadd434f70ed86214652350072f2a8e80d7a943279d0ab631b8038f4af9cff6a6fd9efc73afe85f14758d1758d2b565f13e8e9610e94fa1493dfa5b449f2dac132dc285ccaf2c9feace5a424e70a07be7842cf53d3fc33650eb375677baa45105b89ed6dcdbc3237aaa1772a3a71b8fd6b9e518f2a68fd1b29c66655336c4d3c5c251a6945c2fcbcb6529c6e9a6db734949a7f0ab2b2b5e5f7a7fc1157e3f5f68bf13758f8717571249a46b16926aba7c6c722daea32a250be8248cee207198b3d4b13fa555f967ff00045ff85979e2afda5b50f1508e45d2fc2ba64b1bcb8c2b5c5c611133ebb04ac7d303d467f532bd6c1b7ecb53f90fc76a384a7c5953ead6e670839dbf9da7f8b8f2b7def7dd9f979ff0583fd98350f027c6593e23d8dac937877c56224be9634cad8df222c787f459555083d0b871d48cfc25f173e19d9fc61f877a97876fa6b8b5875045db7101026b6951d648e542411b91d55871d457f445e25f0ce9fe32d06ef4bd5ac6d752d36fe230dcdadcc42586743d559581041f435f1bfc64ff008228f82fc5baacd7be0ff116a9e1133317365342350b38f3d93732caa33fde76c74000c0ae7af8497373d33f40f0f7c66cae394c723e244e2a31e453b394650b59464a37926969749a695dd9eff907f0ff00e0b6b5a77c448fc57e30f1441e28d6ac74e6d2f4ff00b2e9434eb7b48a474799ca79929696431a02db8001701464e7d5fc23e10d53c7fe27b1d1344b1b8d4b56d52616f696b0ae5e673d00ec3d493c00093800d7d6ff00187fe08dfe2ef859e03bad774bd713c6f369f22c93693a7d81b5bb9adffe5a18999dc3480745da49ec09c29faa3fe09b7f0afe0ae97f0ed7c49f0ce39b50d5265fb36a57bab3ac9ac593f56b795400b0f4e91aaabed072dc35631c34e73b4f4feba1f7f9a78a79165392cf1f91a962539357f7da536959d594df3a4d6916efcd6e58bd34f56fd937e0527ecdbfb3e7867c1fe6473dce976c5af258f3b25b9919a599973cedf31db19ec057a351457af18a4ac8fe27c7e3ab637135319887cd3a927293eee4eedfdec28a28a67205068a09a00f99ff00e0932777ec870b776d7b5427dcfda5ebe98af9a7fe0930b8fd8df4fe3aeb3a9e7dff00d2e4afa5ab2a1fc35e87d87881ff0025363ffebed4ff00d298514515a9f1e1451450014519af01fda0ff006e8b1f01f8c07817c03a44df113e265c1289a4583660d388e0bddcc3e589578ca9208c8dc5010d532928abb3d4ca727c66655feaf838733b5dbd128a5bca52768c62baca4d25dcf5af8abf173c37f04bc1b75e20f156b167a2e936a3e79ee1f1b9b9c2228cb3b9c70aa0b1ec2bf153e3ff008364b1f19df78a34dd07c41a3f82bc5da85d5ef8766d52cfece6ea0690b614024606ee39c95da7d6bf4dfe13fec31a878dfc616be3cf8e7ac43e3af1747fbcb2d2157fe245a08273b2284f1230fef30c1c0243300e7dd3e28fc21f0d7c6af065c787fc53a3d9eb5a3dc81bade75fba474646043230ecc8430ec4572d6a32acb5d3b7fc13f58e0be36cb382b16e1876f14ea5955945f2c1257d2926939b4dfc72e54d5d4524f9cfe773e287c1dbcf18f8cb45f13687e2093c3be22d0edae6ca299ec92f6dae209cc664492262a7ac484323a904739071577e117c288fe15e9fab193509f56d53c41a94bab6a77b2c6b17da277544f9635f9511523450a3270b9249249fd2afda8ffe08efe1ff00875e00f1378bbc2de2ed5ad6cb40d36e7533a66a16cb75bc451b49e5acca50a83b700b2b9f527be4feccbff0478b2f8c1f0d3c2fe2fd73c75796fa7f88b4e8352fb069fa72473c4b2c61c279d23bae467af9673ed5c3f57ad7e4b7e47f4151f123833d8bcf9556af2b3bc6a693705b42ce2a4e092725d3472d59f26fecfdf0175cfda57e2ae9be11d06191ae3506cdcdc84263d3edc1024b890f655078e9b98aa8e5857ee3783fc2d69e06f09e99a2e9f1f9563a4da45676e9fdd8e3408a3f202b94f801fb33f82ff664f0ab693e0fd1e1d3e39886bab96264babd61d1a595be66c64e07dd5c90a00e2bbdaf470d87f64b5dcfe68f153c487c538b8430d070c3d2bf2a7f149bb5e52b5d2d12495ddb5d7561515f59c5a859cd6f3c693433a18e4471b95d48c104770454b45749f9426d6a8f94ff0064eba7fd91bf68dd7fe05ea1248be1ad63cdf117812694f1e4b92d71620f731b06603af1231fbeb5f565787feddff00750f8c1f0b6d75cf0b96b7f881e01ba1ae7872e235cc8d347867b7f7595540dbd0b2a678045761fb2efc7fd3bf69af821a1f8bf4f5585b508765e5aeecb595d27cb3427bfcae0e09c6e52add185634fdd7c9f77a7fc03edb8917f6a60e9f1043e39350afe5552f766ff00ebec5733fefc6a791e81451456c7c49f27fedc3e07d2be277eda1f003c37ae5a2dfe8dae45e22b3beb6676459e17d3c07425486191c64106bd37f67aff00827e7c1bfd947c657de20f877e03d2fc2bac6a514b05ddcda4b31372b2346efbc339566668a32588ddf28e6b87fda7df77fc144ff66b5f4ff8484ffe487ff5abe9bace9fc52f5fd11f65c4dff22ecabfebc4bff527107303e0cf85c7c663f10bfb1ed7fe1346d147874eab96f3bfb3c4e6e3ecf8ceddbe692fd339ef8ae9e8a2b43e3428a28cd00437f610ea96335add4315c5bdc46d14b14a81d24461865607820824107822bf2c3fe0a2ff00b02e83fb3df8b6c750f07eb96c57c517622b0f093ac936a21d8807eca1031922048187da578019c90b5f6d7ed3bfb65b7c3cf155bfc3ff0087fa6af8d3e2b6acb8b7d2e339b7d294807ed178e0811a00436d24123192a086a97f660fd8d87c2df11dd78ebc71ab378dbe296b09fe99ac5c2e62d3d707f716884011c6012bb80048c80154edae5ad1557dc4be7d8fd7381b38c7708c7fb671155c21557bb474e6adda4d34f929a7ff002f2dccf58c134e4d7e5fea3fb0c7c63d2af8dbcdf0d7c58d20e330d919e3cffbf1965fc738af53f815ff000489f8a3f13755824f135bdb781b45dc0cd35e4a93de3afa470464fcddbf78c98ce70d8c1fd63a2b38e0609ddb67d0e3fe911c415a83a587a34a9c9fda4a4daf34a526bef5238bf805f00fc37fb36fc35b3f0bf85ed1adf4fb726596490ee9ef266c6e9a56c0dced8033c00155400aa00ed28a2bb5249591f8562f175b155a588c449ca726db6dddb6f76d8514514ce70eb5f37fed13fb226b7a47c4093e29fc1abab7f0ff00c428f2da969ce76e9be2c8f20b453ae42ac871c49c64f52a7122fd21411915328a92b33d6c9f3ac56595fdbe19ad55a5192bc2717bc6717a4a2fb747669a6935e45fb2bfed77a3fed29a75f58496b71e1bf1b787cf93ae7872f86cbbd3e40769600805e227a381dc02012057aed785fed63fb21d8fc58b887c71e1dd67fe105f891e198ccda7f8921223464404f9377d9e02320960768278652c8dc1ff00c13eff00e0aa3e07fdb1b54d4bc173789bc1971f11fc37235b5f41a16b36fa858ea25320cb6d244ee083b58ecc92002416009111934f967f79ede6593e0f1987966792e915ad4a2dde74fbb8bde74bb4be286d35b4a5f58514039a2b53e38291db6a1278006493da96a2beff008f29bfdc6fe54151d5d8f9b7fe0928dbff00630d2d8f56d5b533d3fe9ee4afa5ebe69ff824936ffd887416eeda8ea44ffe064d5f4b56547f86bd0faef103fe4a6cc3febf54ff00d2d8514504e2b53e3c33581f12fe28f87be0ef83eeb5ff00146af67a2e8f663f797372fb573d95475773d02a82cc78009af26fda1ff6e4d37e1a78a4782bc17a55c7c43f89775958743d34ee5b2231992ee51958517209079e99da0ee1c4e91ff04eb7fda45a7d73f692bcb6f8837da842d145e18859e3d07468dc60c68808323e300b93db9de407acdd4bbb435fc8faec1f0cc2861e39867537469495e115fc5abdb922fe18bff9f93b47f954dae52b4df10be297fc1400c96be0a5d4be16fc289f292f892e5366b3af459c1fb247c18508ff009684f420863f3475ef5f003f668f06feccbe0f5d1fc23a443611c801b9ba7fde5ddf38fe39a43cb1eb81c2ae48500715f16fec57fb25fc3593fe0acde3ff0011fc2ef0b59f85bc0ffb3fe8abe0967b0b895a1d67c497c915cde6edcec1859591b5842e06d92ee6eea31fa1f4469d9f33d59cf9b71354c4d0fa860e0a86193bfb38b6f99ada5524f5a92f37a2fb118ad028a28ad0f993ce7f6c1ff934ef899ff62bea5ffa4b257c9ffb287ed99f14fe21fc3bd0fc11f03fe1cf81fc5561f0bfc3da4697e25d73c5de2f9f41b59755974e82e8e9b64b6f6376f2c915bcf6ef249208d14cea80b156c7d61fb60ffc9a77c4cffb15f52ffd2592bf1b7c3bfb180d1bf678f8cda56a1fb3d7c42f885f15be2a450f8afe0e78db41b169adf4cb9bdd0ec6084aea1e6ac7a54d677b6ecf2bca62df184c19142a8cbfe5efcbf53ec17fc92aff00ec217fe9b67eeba1628bb8056c7201c807eb4b589f0d349d6341f871e1fb1f10ea11eadafd969b6d06a77d1aed4bcb9589565954760ce1980f7adbad4f8f0a28a28003c8af93ac5ffe187bf6e092cceeb7f86bf1c6e7cd83e6c43a46bdfc4bfecadc718f5675180b1d7d635e71fb57fecf967fb4dfc0dd6bc2b72eb6f77709f68d36f39dd63791e4c328239186e0e304ab30c8cd67522dabc7747d3f0b669430d8896171dfeef5d7254eb64da719a5fcd4e494d7749c76933d1c1c8a2bc57f616fda16f7e3a7c1f6b5f1146d69e3af06dcb687e25b4938912ea1257cd23d240bbb238ddbc0e16bdaaaa32525cc8f2336caebe5d8ca981c4af7e9b69db54fb34faa6acd3ea9a67ccbfb49b7fc6c93f66c1ff4c7c467ff0029c6be9aaf997f68d6ddff000528fd9c971f72d7c44d9fad811fd2be9aa9a7bcbd7f447d17147fb8655ff60eff00f52710145154f5ed7acbc31a2dd6a3a8dddb58d858c4d3dcdcdc48238a08d4659d98f0140e4935a1f1f18b93518abb65ccd7cbdf18bf6b0f137c72f1fde7c32f813f67bcd5ad4f95aff8c245f334cf0e2924158dba4d71c1000dc0118e70e63f3afda13e2f7c62ff008281783b5cd1fe015858e9fe0bb5952ca6d7b59bd974a5f10b9956396386458e4912de342eee5632ce23d9952db1b92fd9bbf6bbd7bf650ff8228ddf8e3fe11df07ea1e3ed0bc49ab782f4eb1d32da6b1d2f58d617c4d3e83652ca19e49423c8b03c8cd2162a1be61c631e673f876efdfd3fccfbb8e070bc3c955cca0aae2f78d17ac69f6956ef2eaa974ff979fc8fec3fd987f64ef0c7ecb9e189adf4949f50d73536f3b58d76f9bcdbfd5e624b33c8e7271b8b1080e01249cb1663ea15f20fc0cf8e3f1c3e0a7edd1e1bf837f19bc4de03f88363f11bc1fa9789b43d73c3be1c9b409b4cbcd3ee6d23bab19617bab859a168ef6378e60c8e0c6c190ee057ebead23149591f1d9866189c762258bc64dcea49ddb7bbff0080b64968968b40a28a2a8e30a28a2800a28a2800a28a2803e7dff82adcde111ff04def8d16fe3ad4bc41a4f85753f0ade69b7d71a15bfda752ff00494fb3c71dbc5902596492448d636215cbed62a0923e15f861fb3b78cbe3c7edd5e09d0bf69cf0de97f0afe274df09decbe1a5df801614d3a4369736936a12dcbc6e5e3bcb76fb084b54cdb451bcde54f2b32b27ea57c5bf849e1af8f3f0cf5cf06f8c745b1f11785fc4968f63a969b789be1bb85c60ab0ebee0820820104100d799fecfff00f04f5f863fb367c466f1768367e2ad53c50ba69d1edb53f13f8bb56f12dce9b645d5dadad5f50b99cdbc6cc885962dbbfcb4dd9da30a514d599d581c757c1e2218ac2c9c67069a6ba35fd6cf47b3d0e3fe077ed5be23f839f102cfe15fc72f22c3c4137eeb41f15afc9a6f8a101c282d8023b8e402a719240c02c9bfe9eae47e37fc0bf0c7ed11f0feebc33e2cd322d4b4bbaf9941f965b693042cb13f5491727047a90720907e75f06fc69f16fec07e26b0f067c56bcbaf117c37bc945af87fc72ca5a4b0fee5aea1d7181c093d067e65dde565cce1a4b6effe7fe67d954c06178862ebe57054f16b59515a46a779515d1f5951f9d3baf763f5c541a9b6cd36e0f711b63f235e21fb64fede7e17fd92bc196770de5f883c41adc3e7693a65bce02cf1f69e49067643e8c012c785070c57f39be2c7fc14d7e327c56d4667ff0084aa5f0ed8b93b2c7458c5ac7183c63cce656fc5c8f61515b150a6ecf73d6e0bf08f3de21a4b194946951be929dd735b7e54936ecf4bd92bdd5ee99f7dff00c12407fc60b7861bf89af35227dcfdba7afa52bf0f7e0ffed89f133e02e9b6f63e15f17ea5a6e9b6aecf1d8b04b8b552cc5dff007722b28dcc4938c1c92735f627c16ff82cd6a9e2af0cae87a978164d6be215ecb15968f169732c365aa4f2304512f98c5a1e48fbbbc127f807232a18b872a8bd0fb4f10fc1be209e6789cdb08a1569d5a939d94b965152937ef7372ab2bead376d5bb2573ee2f887f12741f84de11bbd7bc49ab58e8ba458ae66baba90222e7a28eecc4f01465989000278af9966f8adf143f6fc91ecfe1d8d43e18fc2d76d9378b6ee231eabada7422c63c831a1ff009e9907fda560d1d6c7c3cfd88f5cf8c9e2eb4f1bfc7ed52dbc55ac5bb1974ef0b5ae4683a267b7979c4d263825b20f4264c2b57d390c296f12c71aac71a00aaaa30140e800ae8b4a7be8bf1ff807e67f5acaf22d309cb89c52fb6d5e8d37fdc8b5fbd92fe79ae45f6612d2479ffecf7fb2ff00837f663f0b369be15d2d6de4b83baf2fe73e6df6a2fd4bcd2e32c7249c0c2824e1466bd05972a403b78ea3b52d15ac6292b23e3f1d8ec4632bcb138b9b9ce4eee52776df9b6795fec71fb26687fb17fc138fc1ba2ea5ac6bd24fa9dfeb9aaeb5abb44fa96b9a8dedcc973737770d1a22348f24847ca8a02aa80302bd528a299ca14515f3cfedc3ff000505f0ff00ec7da7c3a7c76a35ff00186a30f9d6ba5acde5a5bc449513cef82553390140dce410300161329a8ae691eae4b9263b36c643019753752a4b64bf16dbd125d5b6923d03f6c1ff00934ef899ff0062bea5ff00a4b2551fd870ff00c61bfc2dff00b15b4fff00d274afcb3f8cdff050ff008b5f1ca1beb5d53c4f269fa46a113dbcda5e990adb5ab44e0ab4678323a907077bb71597f0aff6e3f8b1f06ad2c6d342f1b6ab0e9ba6c6905bd85c04bab58e25c008124076a803185c71dc5707d761cfcd6763fa2e9f8139d3c83fb3e55a92aaea2a96bcad6e471e56f977bbecd799fb69457c8ffb0a7fc15134ff00da435c83c27e2eb3b5f0ff008c2653f6392063f62d588049540c498e5c027612c18025589f947d715dd4ea466b9a27f3e71170de6391e31e0733a6e135aaea9ae8e2d68d3f2eb74ecd3414514559e10504668a2803e4ff00da6e093f638fda9f44f8d162b247e0ff001818bc3de398a35fddc24f16b7ed8e9b480a58f6014732d7d5b05c477502c91bac91c8a195d4e5581e4106bc77f6eef8ade03f867fb3a6bb0f8fd64bbd2f5eb7934e874eb7c1bbd42565242c20fdd65c07de70136839ce01fcc2b5ff0082877c5fd2be19e87e13d37c5d71a5e97a0da2d94525ac11addcf1ae760926605b28b840576fcaa3209c93c752bc6949a7d753f6ee1fe02ccf8d72aa189a36a73a2fd939ceea3529a57859a4db953d60f4b72f22bfbacfd06fda0db7ff00c14c7f67b5ebb74fd7db1e9fe86457d395f8631fed4bf11878ff0049f14cbe34d7eefc41a089574ebebbb8fb549682552b22a79a1976b29208c608afac3e017fc16bb56d0f48bab4f88da0ff006e4d0dbb359ea1a4aadbcb3ca07ca93444ec018e019131b78fdd9ea228e32177cda5d9f43c65e0ae7eb0583fa8f2d6f614bd9c945da4dbab52774a564d5a696f7ba7a1f7b7c60f8c7e1cf80fe02bcf12f8ab548349d26c47cd249cb48c7eec71a8e5ddb1c2a824fe06be69d0fe1cf8c7fe0a3dad5af883c796ba8783fe0d5bc8b73a4785bcc686fbc4601052e2f594e5633f79514fa153d246dbf831fb2bf893e3f78dec7e287c726b7bcd4a1226f0f784226f334df0ec670caf20e92dc1e09272010325b0ab1fd463a574f2b9eb2dbb77f5ff0023f2e963b0bc3a9d2cba4aa63369565ac69778d1ef3e8eaf4ff977fcef91f1ccba9fc2af85522f80fc1f67af5ee971c50e9da0c37b169503a6e552ab232948d51096c6de76e075af83bc2dfb0cfc72f897ff0004d3f881f0675af097877c09e3087c537de3df08eb137885354b0bad49fc533f882d6da748630f1468c6186471bb219d9470057e8fd15b1f07293937293bb67c89f063e177c5cfda2bf6e9f0afc64f8a1f0ff4ff00851a4fc35f086a7e1cd1f441e20835abed56fb52b8b37b9ba696dc7951db471d8a246a7f78e6666658f6853f5dd145048514514005145140051451400514514005145140056678c7c1ba57c40f0bdf68bade9f6baa693a94460b9b5b88c3c7321ec47eb9ea0804722b4e83d282e9d49d39aa94db4d3ba6b469ad9a7dcfc18f8c505b69bf153c47a6e9ed76347d1f54bbd3f4c8ae2e1a76b6b48ae245863dcc73855fd49f535e75f113c117be3ad36dedec7c4daef85e4865f31a7d2c5bf9930c636379d14836f7e00391d6be90ff0082867ecfba87ecff00fb51789219ade45d1fc497736b3a4dc63f772c5339778c1f589d9908eb8087a30cfcd3f197c31acf8dbe16eb9a3f87f508749d5b55b56b486f250c56d44985771b79dc232e57fda0bc81cd7cfca2e33b33fd25cbf1d431f91d3c5d0bd48ce9a92e5935293b5edcc9a6a4de8f556774fa9c37ec7fa9ebde27f0e788b5ad4bc49ab789343bed5e5b7f0f4fa82c1e73d9c04c4662618e35225956465f97ee043df27d8619a4b699248a492196360e92236d6461c820f620f20d65f833c2763e02f08e97a1e9b0ac1a768f691595b4607dd8e350ab9f7c0ebeb5d27837c1daa7c42f1669ba168b672ea1ab6ad70b6b696f18cb4aec78fa01c924f00024f00d4c9de5a1db94e15e032e852c54eee31bce526dabeae4ef26df2a6ddaef48a4ba1fafbfb3c7eddbe00f16fc0cf09ea5e27f1f783f4cf115d697036a76d75ab410cd1dc850b26e42c0ae5813823a115d9ffc365fc23ffa299e03ff00c1e5b7ff00175cdfc31fd803e16f833e1d687a4ea5e05f086b7a969b630dbddea173a54524b7b32a00f2b332924b364f3eb5bdff000c4bf083fe8997817ff04b07ff00135ee47dadb5b7e27f03e633e119e2eace8fb7517293492a76b5ddad7d6d6dafad89bfe1b2fe11ff00d14cf01ffe0f2dbff8ba3fe1b2fe11ff00d14cf01ffe0f2dbff8ba87fe1897e107fd132f02ff00e0960ffe26b03e28fec17e00f11fc3dd5ac3c2be0ff877e19f115e5b98ac756b9f0adbea11e9f21e3cd36e4a090a8c90a580ce3391905fef7cbf138bfe315ffa88ff00ca674bff000d97f08ffe8a6780ff00f0796dff00c5d1ff000d97f08ffe8a6780ff00f0796dff00c5d7c7bff046afd967c1be29f829f1634ff1968fa67c40d4bc1ff187c5de17b6d675fd36d66be9ed2cb5168210de5c491ae1573b2344452485551803ebcff8625f841ff44cbc0bff0082583ff89a3f7be5f887fc62bff511ff0094c987ed95f0918e3fe166780f9ffa8e5b7ff175f8d3f1dbe2b5f7c70f8c9e25f166a134b34dae5fcb711873fea21ced8621ec910441ecbeb5fb203f627f840a73ff000acbc0bff82583ff0089afc95fdb2bf679bffd99ff00682d7bc3d736cf0e9935c4979a34b8fdddc593b931ed3dca03e5b7a321ec4678b1aaa72a72d8fdebc05afc3f1cc7134b01cfeda5056f69c97e54df328f2f9f2b6bc93e8cf923f6a6f8d727817c4fe0ff000bdbebefe17ff849daeae2f35482cfed97905b5b22168ede2292069a47950025182a2c8d8c804763f01b5db1f117c3f4b8d3bc617be36b55b9963fb75ec714775132b61a095238a2dae87b3206e79e31547e30fc3ad7b58f1af857c59e15974afedcf0c2dddab59ea52c90daea16d74b18915a48d1d9195a18994ec61c104739137c04f859a8fc37d335fbcd6ae6c6e35ef166b136b5a82d886fb25b48e91c6b145b802caa912e5d806762c48190071be5e4f33f72c3c3318e7b565513749edf125187242d6f7f91b7539d35c9cfd5cb95453f42d3354bad0b53b6beb1b892cefac654b8b69e338782542191d4fa8600fe15fb3bf0b3f6e9f86be2af869e1ed5358f1f782f4bd5b52d36dee6f6ce6d5e08a4b59de353246c85f2a5589183cf15f8f5f0c3e1a6b1f193e20693e17f0fdb35d6afad4e2de0403e54cfde918f6445cb31eca09afd8ff0b7ec1bf08fc3be19d3f4f97e1ff8435192c6da381eeae74985e6b96550a64762b92cc46493dcd756079f5713f23f1f6be44d60e8e67cfed173b5ecf979945d93e6e6e8dad3cd3f3357fe1b2fe11ffd14cf01ff00e0f2dbff008ba3fe1b2fe11ffd14cf01ff00e0f2dbff008ba87fe1897e107fd132f02ffe0960ff00e26be0bff82baffc13d7c13f04bc03ab7c50f07f88bc49a57c54d675bd2f47f869e10b21689a0deeab2b45145a6ff66ac216f239b64f34c67323a2199d59162017bff7be5f89fcdeff00d55e9f58ff00ca67df5ff0d97f08ff00e8a6780fff000796dffc5d1ff0d97f08ff00e8a6780fff000796dffc5d55b5fd897e12fd9a3f3be19780bceda3ccd9a341b77639c65738cfad49ff000c4bf083fe8997817ff04b07ff001347ef7cbf10ff008c57fea23ff299f9a3ff000548f8fd07c76fda8ee974ad56d756f0df86ece1b1d326b49d66b694ba2cd3488ca4824bb84273ff002c40ed5f1cfed2be21d73c27f007c5da9786da75d7ac74c965b030c027904c07cbb50860c73d8839f4afbabfe0abff00b25c3f01fe2ad97893c37a2dae97e0cf1142902c765088adac6f63521a3dabc2f988a1c7f78893d2be3af1836b49e1db86f0fae98daba8536e9a8348b6d21dc32aec80b2e57203056c1c1da7a1f22b732aaf9fb9fdb9c1b530389e10a11ca6528d3f65ca9ab73c6566a4ec9fc6a576ecf596ab7380fd9cfc61a7f88efb5ab783e256b1e38bcb41109acb54d3e0b0b8d341dc43794b6f0c9870472c0a9dbc57a975af35f87bf0cfc4977f192f3c79e2e3a159ea5fd8cba15969fa44d2dc430c1e7f9cf24934891b48ecdb000114200dd77135e991c6d34ab1c6ad249230444452ccec4e000072493c003ad6552d7d0fa4e1ff00ac2c1db109a69cad7e6bb8ddd9b5394e4afd9c9b4bb7c2bf5d3fe0937f15af7e28fec77a5c5a84d25cdcf85af26d0c4b21cb3c518492104f7d914b1a7d1077cd7d2d5e1fff0004eefd9faf3f671fd96743d1b5687ecfae6a0f26ada9c3de19a62088cffb491ac68d8e3721c718af70af768dd4127d8ff3e38e2be12b710636ae02deca5526e2d6cf57aaf26eed795828a28ad0f960a28a2800a28a2800a28a2800a28a2800a28a2800a28a2800a28a280389f8f7fb3df853f694f01cde1df16e9ab7f64cde64322b79771672e0812c4e3946193ec4120820907e0df8a3ff000440f14699a9bbf82fc5da3eab60c7e48b578ded2e221d8178d5d1cfa90a9f4afd28a2b1a987854d648fb7e15f1133ee1e8ba596d6b536eee124a51bf749ecfbb8b57eb73f2e3c23ff00044ff89daaea2abac6bde0fd1ed33f3cb0cf3de4807aaa79680fd0b8fad7da3fb217fc13f7c17fb22c2f7da789f5cf145c47e54facdf22f9aaa7ef24283886327a804b1e37336063dda8a9a786a70774b53bf89bc56e23cf283c262eb28d27bc609453f57f135e4ddbc828a28ae83f390ac3f89567e24d47c07aa41e10d4745d27c4d2c0cba75e6ada7c97f636d37669608e685e451fdd59509f5adca2803e59ff0082737ec61f15bf638d57c796fe30f889e01f19787fc75e27d63c6935be91e10bbd26f2db55d4ef05ccdb669350b8436aa4c8ab198f78ca9329c1ddf5351450015e7dfb467ecc7e11fda97c12344f165834eb03192cef20611dde9f21182f149838278c820ab606e538af41a294a29ab33ab038ec460ebc715849b8548bba927669f9347e67fc4bff008221f8cb4ad4646f08f8b340d66c4b131a6a692595c20ec094591588e99f973d703a0cff0005ff00c112be23ead7ea35ef12784b45b3cfcef6cf35f4df826c8d4fe2e2bf5028ae6fa952b9fac43c76e2d8d0f65ed60dff00338479bff91ffc94f19fd933f61bf05fec8ba54a744866d4b5ebc8fcbbcd66f42b5d4cb907cb4c00b1c7900ed51ce0162c4035ecd4515d118a8ab44fcb734cd7199962658cc7d4752a4b793777ff00012e89689689057c65f177f60af8e9e2bfdbbeff00e34e85f163e17dc47a7d80d2fc1ba3f8b3c077dab47e0981e355bb7b5306ab6d19b8b9607ccb878cc9e5e225654dcadf66d15479e55d062be8343b38f529ed6eb5248116ee6b684c30cd2851bd91199ca296c90a5988040dc7ad5aa28a00c5f883f0f344f8ade10bed03c45a6daeada3ea31f97716b3ae55c763eaac0e08604104020822be0df8d7ff000442b87d566baf87be2cb74b3918b269daea36e87be16e230770ec03479c756279afd0ca2b2a946153e247d770b71d675c3d26f2bace3196ae2d2945f9f2bba4fcd59f4b9f95fa37fc115be2c5edf88ef355f04d8dbe7e6985f4f31c7b288467e848fad7d5dfb227fc12dbc1ff00b34eb96de21d56f24f1878aed486b7b9b880436960dfde861cb7ce3fbeecc4632a10e73f5151514f0b4e2ee91f41c41e30713e6f87784af59429c95a4a1151baecdeb2b3ea9349ad1a60060514515d07e62145145001451450014514500145145007ffd9);
INSERT INTO `zadatak` (`rbrZad`, `pitanje`, `odgovor`, `rbrKat`, `slika`) VALUES
(65, 'Najkraći put od H do D iznosi ____. (Odgovor je broj.)', '7', 7, 0xffd8ffe000104a46494600010100000100010000ffdb0084000906071413101514121416151517121818151414191b1e1715161a161717171a181f181c2820181a251b171621322225292b2f2e2e181f3338332c37282d2e2b010a0a0a0e0d0e140f0f142c1c141c2c2c2c2c2c372b2b2b372b2c312c2e2b2c2c372b2b2b2b2b2b2b2b2c38372b2b2b2b2b2b2b2b2b2b2b2b2b2b2b2b2b2b2b2bffc000110800ab012303012200021101031101ffc4001b00010100030101010000000000000000000005010304020607ffc400491000020102040304060606080309000000010203001104122131051341225161710614324252812333627291a153548294b3d4153543637492a2b13473f01644648393a3b2b4c2ffc4001501010100000000000000000000000000000001ffc400161101010100000000000000000000000000000141ffda000c03010002110311003f00fdc6b17af32c81549240001249d801b93e152228df1233bb3c711b148d095665dc348c3b42fa10a2d61bdc9b00b37a5ea37fd98c25efeaf1dfe2b76eff007bdabf8de9242f8705d19e488039e27bbb81d5a327b46dadd0dee36b11a85aa5788650ca19482ac015236208b823c2d5ee814a9f88e26131114051c9955d8380320c96ba9d6f98dfa0e95de0d06694a50294a50294a50294a50294a50294a50294a50294a50294a50294a50294a50294a50294a50294a50294a5049f48d7344a86d9649e246076285c1607c0816f9d54ae2e338332c2caa407043c65b60e8c1d6fe17001f026bde03182540c01076653ed230f695bc41ffa341039524b8fc5c2311346ab87c3b4790afd1bc8d880c402a41fab4d0dc69e3543d10e26f88c1c72c96ce73062a2cac558a96517d14dae3ceb389f4762792590b4a1a555493248cb744cd9574f640cefb6bda35d523478580044ca88a1638900d7a2a20ef3b541abd1e5cb1b27449e555f05ce481f206df2aa95f3fc3f87e2e14eccb131666778e446003bb1660b229d141245ca36c2ba8713957eb70ce3bcc2c245ff00f2dfe9aa3c712c3cad8cc33aa5e3412e76cc058b80ab60753b1bf9f5e96176a9b071dc3bb04e6aab9da392e8e7c95ec4fc85531419a5609a9989c7b9631c0a1dc5b33392238ee2e33102ecd6d72817dae45ef4152951bd4b147538a507b960013f06766b7ed56571d2c46d890852e073e305545ff488c498fef6661df6a0b14a52814a5283cbb800926c00b927a015c5c1b8cc38a8f998790491dc8ceb7b5c6e05c74bd678c448f04892e7c8c855f979b3e53a1cb9066bf96b5c9e8bc2e9132b3c922090f25a6bf37956160e5bb44839802da9005f5d4859a52940a52940a52940a54ec5f1021b9712f325b024136440762ed636bd8d80049b6dd6b9c61314756c4aa9ee8e10147f9d989f3d3ca82cd2a3fadcf0eb88c9247d66894a941d4bc659bb3f695be400aad1b5c020dc11a11b1a0f54a52814a52814a52814a52814a52830454fc570b0cfcc4668a4b005e3b7680d8386055ede22e2fa11546b04d048f55c66deb105bbfd59f37ff62d7f95bc2b4fa3787e6410e2642cf2c90a3dd88b26750c420002a8d6da0b9ea6aedea4fa1ffd5f84ff000b0ff0d682bd294a0d38ac3ac8a55d15d4eeae0153e608b54e1e8fc4bf559e1ee10b9551fb37cbf9557a507ce7186c5e1e179239925cabd949a3b3163a28cf1903723743e756387610451aa024d86ac77763ab31f126e7e75a3d23859b0b208c6670a1d147bcc8448abf32a07cebaf0b3ac88ae8732b286561b1045c1a09de9371af54839b90c9623b0a6c728bb3b0d0df2a066b75cb5488575e8cacbe61948fcc58d49c770879b119a43685622a811d83167facce32d8820281ae9dadf369efd16c0cb06152198a1318c8a5199ae8345cc5954e602c36d6d4838f86a62be9228e68956190c639b0bbb65caaeb761885bf65d46dd3ad777abe37f58c37eed27f355cfc031a1e7c4ee33cb9e3b8d1e354484b29eb668cdfcd7bc55e06824fabe37f58c37eed27f354f57c6feb186fdda4fe6aab1359a091eaf8dfd630dfbb49fcd53d5f1bfac61bf7693f9aaaf4a091eaf8dfd630dfbb49fcd53d5f1bfac61bf7693f9aaaf58bd049f57c6feb186fdda4fe6a9eaf8dfd630dfbb49fcd557a5048f57c6feb186fdda4fe6ab4634e2e28de46c461b2a233b5b0b26ca093ff007aee1576f51bd239d1e1970c2ed24b0ba88d35601d59731e8aba9d4d86941bf8261ca42a5bdb7fa494f7c8c013f21a28f0515cfc5b8a4d1cf0c71451b897376a49590a955cc7410bdf4f1eb5dbc2715cd8637ea50661dcc34653e21ae3e553b8ef053889e0668e19228cb16594dc9cc0a9b298d81b0371723e5bd4d82a6025678d5982a9617b23165b1dacc556e2de02b8782f6249b0fd236578c7745283947c9d2503c00aa90441142aecaa00f202c3f2150b0b8e518d99daea8dca82373ec33c664622fd0e798a8bee5481ad51f454ac0359a052b04d2f419a52940a52940a52940ae4e244f2ce57296d4b2a676b75cab6376f91f2aebae7c642ccb6591a337f694293e5db523f2a0e2f4671fcfc2c72170e581ed016bd988ed2fb8f602ebd0dc579f43ffabf09fe161fe1ad76f0fc22c49957bc924eeccc73331b7524935c5e87ff0057e13fc2c3fc35a0af4a528158bd2a4fa45c464852368950df11123e72744791518ae5ddbb5a5c8efd6d6a0acd517119b0a1a4501a0d5dd0901a2eac509d196f7394db53a1e955b113aa2167215545cb1d80153a185a66124a0aa29062888d6ffa493ed772fbbb9d7600e3d1db559c1f84e1e6bfe4847e75e5e5967ecaa34319f69df49187746a355bfc46c47417d45714b504dc7f0dfa35e485578b5846ca2c2d90f72b0ec9eedfa574f0fc589630eb717dc1f69581b32b77303a1ae9351f11f4137307d54ac165ee492f9524f23a2b7ec9efb878f4bf89bc18595e1b731626752c2e142daec475dc003bcd5b06a4f1ee03062e268e6453990a87caa5d01f84b036354a345450000aaa2c00b0000eeb682836d2b821e338766c8b3c2cdf0ac885bf006f5dc2804d4449a75c62c65c491bc4eee3281ca2aca13291a90d76166b9ec1b55a6a87c3f8034588798e2b112e72498a431f2c13602d92353d902c0136a0bb5a3178c48d7348c1576b9ea4e8001b924d8003524d4f6e2ad25d70a049ad8ccd7e4af7d88d65235d17a8b122b760b852ab732426597f48f6ecdf708a3441d34d4f526834b34f3fb37822eac47d33fdd07488789bb782dae7bb03808e252235b5cdd8eeccddec4eac7c4d74dab34122682489da48173ab1bbc37b76babc64e818f553a1dee0defe60f48e2617cb30dffb094ea090754520ea08d0d75f1bc5f2b0f2480666543917e273a22fcd881f3ad9c3309ca8638c1be4455bf790353f337341c2d8c96616891e253bcd20cac07f768752de2d602f7d76aee8f01188b959418f2952adadc1df35f7275bf9d74dab3411c17c37c5241f33243e7d648ffd43c46d56194300ca432900820dc1076208dc5648a97260de262f8700826f2404d95afa968cfb8fb9ee6eb62735077e2d58a908d949d335ae5475201d335b6be97b5c1d8f07a3f3cac9273486cb3ba47200019116c031034073661a69d9bf5af52b0c540eb1caf11374668f289633d410ea42b58f51b1046f58e05c24e1a3c866967d74698a660a0001472d146516276bea75a0ab4a52814a52814a52814a52831527d0ff00eafc27f8587f86b558d48f443fabf09fe161fe1ad058a52940a8be94e09a5845a648424892b3c885c5a360e0584896b951adce9e3ad55c44ea8a59c8555172c7603c6a7430b4ec24941540418a261adfa49203ef772fbbb9d760c61e169984928210106288e86fb8924fb5dcbeeee6e76ac0500acd0295826b9303c4e29b3f2a457e5c8639329be590004a9f1018507656bc4421d4ab00cac08653b1045883e0456ca50428b1feaeaf1cc4931a8319d4b4d192152d7f6a40c5508ef2a7de15b9384f3466c501231d794758a3ee014e8e47c446fb58695e38e40ad3e0f301d99d9813d088643a7fd74ab341cb370f89972b451b2fc25148fc08b54e9e2f541cc4bf200fa48cdcf2d7ac91df501772bb58696b6b2b0b3b9c54e85b1242e3551195be8d17951ca55afb824b0b5b661a8afad22fa1a0e2c671544608a0c9211711c762d6ef6d6c8be2c40ad1fd1cf36b8920af4c3a13cbff00cc3bca7f05f03b9f3e8961163c2204006e09ead9494058eec6ca37ab541e11000001603603602bdd2940a52941238bf6e5c3c5df2f3187d987b43ff70c7558546c3481b15889588090a2c4093a036e6ccde566887ec1aeee1fc4a398372daf95b2ba90caca6c0d995c065d083a8a0eca52940ac1acd2827e3b87e66e64679728160f6b860365907beba9ee22fa1158c1710ccc6391797281aa137047c4874ceba8f11d6da551ae5c760565166bdc1bab0d191be253d0ff00bec683a6f59a930635e260988b6ac024c3457276561ee49d3b8f4df28ab7a0cd294a05294a0560d66b878de30c3879245176542501d8bec80f81620506ac4e3d8b98e050eebed3312238c91719881766b6b94785c8b835c782e0f3c71222e2828445545485720551651db6663a0f8aaa70dc108a254073103b4c77763ab31f126e7e752f8a7179e3c4986286271eaed30692664f65954a9b44c06ac35bf4341bc63a587fe272325febe305557fe62312506dda0c477e5aa73cea8a59c85502e4b680015c7c231ab89c3473652165895b248350185f2b0f9daa7707c21667491b3261a5c91278655746727da60ac00eeb5f53b07641134cc24941545378a222c6fd1e41f16d65f7773aed500ac81426d419a54a93d21c3825524e6b0dd2006561f78460e5f9dab071f3b7d5e188d7da9dd5079d973b7e54151ebe7fd1e93e9b1b75750714083223a2b010c49752ea030bab0b8bed5d5ea5897fadc4041f0e1e303f1694b93e602d7b1c02126f229975bfd33338bf931b7e5407f48b0f72a9273586eb003230f3e58397e76ac7f484edf578623c677083ceca1cfe554e38c280140006c00b01f215eed41f3d8dc1629b2c8d246cf13091218932863a82a5dd8924a960080a2f6b8ab183c5aca81d0dd4fe20f5041d430ea0ed5d04541c7417c405c3bb4729b34ccb62813ddceac0ab3b1161b1b026f41bbfecec59a46cd37d2482490735f2b30ca3517f66c8a32ed616ea6ba38ae30a25a319a57bac4bf6bbcf722ee4f70efad1ea98c3a1c4c2075298721fe45e76507f64d75603872c64b5d9dd859a4737623bb4002af82803c2838f8193085c2b9b944fa37db9a82d727ed827b43c41eb5641ae3e2583e62e872ba9cd1bef95c6da75537208ea091a6f4e1b8de629b8caead9644df2b80091e2082083d41141d2d30040240b9b0b9dcef61de6b657c8f1f127ae6158c4582e2ad190cb600c32663626f98ebaf70b7537fac141eabc4920504936001249e800b9af751fd26ed41c91bceeb09fb8e7e948f11187341e78390b8412b8639c34ccb62cddb25ed6517620102c074ae6f44f1ab33cf2f26789dd93373e278fb2a0aa2ae70335802491d5bcabe8b2d00a0cd2b17a5e8334a52814a52826f14c4a05e594e6b4808110b1ce3debdf40a2fa93de3adafc784e1d8aca01c42c606c8899ca83ae5324a4e7b5ed7caba56ee063399676f69e4655bfbb146c51147990cde6f4e33c4e4864c3aa468c269b9659dca94ec33dc008d9b453a5c6a68303d6a2d4b26253a80bcb940f0398a39f0b2f9d52c26296440c86e0fc882342083a820f4a9dc3389bcb3e2236445585d5432b962f991640482832e8c06e76ac85e5e3065f6678d8b0e8258f2d9bcca1b1fb8b415e94a502a6fa470b3e164118cce17322fc4e843aafcca81f3aa55822834e1712b222ba1bab28653de08b8a83c7381bcd8912f270d2aac0d12ace4eeccac5adcb6f86d6075bee2bb4e1e4818985799131cc620406463b98c9d08275ca6d63720eb6af438f4606b1e2011d3d5e63f9aa153f2341efd1fc03c1868a292432ba200d235eec7bf524f86a49b6f53b87e267324ef1441d5e7ecbbbe552a8891922cacc7543d35ade318f8966890342a00e617d252a469917dd07519ced6200b8d2c61e15450a802aa801546c001600785ad4133d4712ff005988083e1c3c601f9bca5efe602d7b1e8fc27eb14ca77fa666717f26240fc2aad2835c51050028000d801603c80ad94a50294ac1a05eb35f3f3710298e8a2329b48b21e5b464259402397265ed49d4ae637173616d6be3718b1a166d8741b92740a07524e82835712c61400200d239b46a76bf52d6d940d49f96e457ae1d82e525ae5989ccee77773bb1eed85874000e95ab86e0d8132c9f5ae0023a4683d98d7c06e4f524f85a88a05294a054be250147e7c62ec001220de48c126c3ed2dc91e6475aa958b506bc3e215d43210cac2e08d88adb51c9f5797fb995bff4a563ff00c1c91e4df7b4ae0d066a4620e7c722f48613237de9098e3fc966fcaab5ea4f03198cd37e926397ee4768940f02559bf68d057a52941835038d61af344c9232c9cd576398e5102fb6a45c2e56db5d6ed7e95f4151f17e8ce1649d7112411bcca54acac2eea54dd6c4ed63ae9415eb35ae490282cc40005c926c00ea493b54cfe99e67fc34666fef3d987fce7db1e281a82b5ea6e2b8cc6afcb5bcb28de3886661dd9ada463c588ad4bc2e4935c44a48fd143748c799be773e3700fc22a8e170891a048d15147baa001f9504cf471ec8f13021e391aea77c8e4c887c45988bed7561d2bc7a43c29e7782cb13a4736775949b30c8c96b6420fb57d7aa8f3aeec7e00b11246c1255160c45d587c0e372be5a83a8ea0e94e232ae92619efdf115643e44953f88a0e6e07c20e1e6c4304892396456458b4b658d63d46502e72dee3bfc2f5be47cf8c451a886262e7b9e42022f9e50c6de2bde28f8bc449a47118ba19262341dea88c4b1f320576e0704235b02492733337b4ec7766206a4dbf002db50755294a05294a0562d59a5071e3f039eccad9245be47b5edde08f790d85d6e36e84023180c6e7bab0c922db3a13b6f661f121d6c7c08d082076d7163f059ecca72c8bec3daf6dae185fb486c2e3f0b1b101c5c5b1b888a48ca88da36992331d9b98439b170d9ac32ea7295370bb8daac0af977c2e267c4abfad0879560f86e52b1b13da65919af6600a870a2c2e2d706bea0507aa52940ac1acd28273f0f1cce6c92bb0425915f9612236209055036c4fb44ef5ab031999c4eda201f4087b88b195bc48d00e82ff169e653eb0e53fb143690fe95c7b83ec2fbdde74e86ab8a00159a52814ad38998aa9214b1e8abb93d37d0799ae5e0fc484c1fb2c8d1c863746b5d58053a11a302194dc77d050a52941a71102ba32300caca4329d8823515370b8e10931621c2e5178e476b092316dcb7beb700f983d74e9e278c640aa80192439501f641b1259adeea8d4fc875ad787e0f1839a41cd93f49200483d7283a20f05fce839f1fe90c3c895e096295d50e55475625f641d93d58a8f9d51e1b8411431c77be440b7ef206a7e66e6bce2b86c320b3c48ddd751707bc1dc1f115c70bb4122c6cc5a273963663768deda231f794806c4eb7d35b8b058ac1353713c6635628979641bc710cccbdd9c8d23bfda23c2b518b132fb4c30e9f0c76694fedb0ca9e4031ee6141db8de231c40191c2dcd947bcc7a0551da76f0009ae338c9e5fa98c440ff698806ff28d4827f6996ba703c2e2889655ed9d0c8c4b3b0f166d48f0aedb504b8b822121a6669d86b796d941fb280041e1a5eaa0159a5000a52940ac5ab34a0c5ab34a50294a50294a50294a50294a5071710c1e7b329c922df23daf6ef561ef21b0b8b8e9620d88607199eeac3248b6ce9bdafb329f790d8d8f811b822bb6b8b1f82cf66539245be47b5ed7dc11ef21b0b8f0dc10080ecbd66b8b018dcf75619245b674eebdec41f794d8d8f811b835cf2e2a4959930f95429b3cce0b283d5514119987524d81efb114152f533884ecefc889b2b11791c6f1467bba076b10bdd627a578fe856eb8ac493df9907e4b185fcab9e08a4c2062ec6688b1679481ce427767ca2d2281d405200d8d059c3401142a8b2a8b003a0add5e51c1008d41d8f78acde8334af2ce06e6d53f13e906163367c442adf0991737c85ee7f0a0dfc45e45898c282490039159b2a96e9736361f2ae1f46239d626f598a389cb924472193393ab396c8b624e996da051a9be9e87a4119f612792fd560972ff0099942fe7593c4a637cb859078c8f1a8fc99a82b52a467c630d130f19ef67793f2555ff007a0c0629bdbc585ff910aaff0015a4a0c21cdc45affd9e113279cb2c81ff0082954f12c421205c80481de6da0a852e08e1a55c41925946529319082563273070114001586ba6cc4f4abcae08b837075046c4743e541f0dc3f183d47098a7e6cb2cd2441d924cb69647032b2b1b08c31ca575200afa2f4bd07a8620f5485a45fbd1fd227fa94574ff0042401f38897367cfa0d33fc76db378daf5a38bfd332e1975bb2b4ddcb1060d95bc5cae5b75198f4a414b0b8548d42c68a8a3655000fc056fa52814a52814a52814a52814a52814a52814a52814a52814a52814a52814a52822fa5085606963256641689c5b467214037d0a1396e3c3bc0354b058558a358d2f9554017d49b7527a93b9ae7e3f856970d2a27b796f1df6e6290c97f0cc056fc0e29658d645bd985c5f71de0f7106e08ef141c38de2ec31230f0a079395cd72ec55234cd956e4292598836007ba76aebe1f33ba93247cb60e56d7b8206cc0d8686b831dc29c62862602998c3ca96392f95d0316420a82558127a1041e9bd52c22b85fa52a5af7ec8b2a8ee17d4dbbcfe5410b85e0a52d2c4b8868a38a5c88b1a2660a5124519a4561619ec065d80aa0381022d24d8893ce52bf944147e558f47fb4259afd99a62e9f702a46847811186f9d57a0963d1ec3684c2ac47592ee7fd64d7761f0a882c88a83b9401fed5ba9418b52d59a50294a5062d525f84321be1a5687fbb2a1e1bfdd3665f2465155e9411ce0312da498950bff008787231fda96492df200f88aa182c1244b9505ae6e4924963d4b13ab1f13dd5d14a05294a05294a05294a05294a05294a05294a05294a05294a05294a05294a05294a0c1a972e0e48dcbe1f2d98dde1736563d5908f618f5d083e075aab4a094389c96d70b35fb818883e47995e0c334fa4aa228bde8c35e493ecb15d157bc0b93de05ef62941e116da01603603615ee94a05294a05294a05294a05294a05294a05294a05294a05294a05294a05294a05294a05294a0ffd9),
(66, 'Bacamo dvije ispravne kocke. Kolika je vjerojatnost da je na obje kocke pao broj "3"? Rješenje zaokruži na 3 decimale.\r\n', '0.028', 8, NULL),
(67, 'Bacamo dvije ispravne kocke. Kolika je vjerojatnost da je zbroj brojeva na obje kocke bar 10? Rješenje zaokruži na 3 decimale.\r\n', '0.167', 8, NULL),
(68, 'Kolika je vjerojatnost da će igrač koji je zaokružio jednu kombinaciju u igri LOTO 7 od 39 promašiti sve dobitne brojeve? Rješenje zaokruži na 3 decimale.\r\n', '0.219', 9, NULL),
(69, 'U kutiji se nalazi 10 kuglica - 6 plavih i 4 crvene. Kolika je vjerojatnost da ćemo izvući 3 kuglice iste boje? Rješenje zaokruži na 3 decimale.\r\n', '0.200', 9, NULL),
(70, 'Kolika je vjerojatnost da će 3 na sreću odabrane karte iz snopa od 52 biti tref boje? Rješenje zaokruži na 3 decimale.\r\n', '0.013', 9, NULL),
(71, 'U liftu zgrade od 10 katova nalazi se 7 osoba. Kolika je vjerojatnost da će svaka od njih izići na različitom katu? Rješenje zaokruži na 2 decimale.\r\n', '0.060', 9, NULL),
(72, 'Između 6 bračnih parova izabiru se 4 osobe slučajnim izborom. Kolika je vjerojatnost da među te 4 osobe nije niti jedan par? Rješenje zaokruži na 3 decimale.\r\n', '0.485', 9, NULL),
(73, 'Za bilo koja dva događaja A i B vrijedi P(A U B) = P(A) + P(B). Da ili ne?\r\n', 'ne', 8, NULL),
(74, 'Izvlačimo na sreću jednu kartu iz snopa od 52 karte. Kolika je vjerojatnost da je ta karta dama ili pik boje? Rješenje zaokruži na 3 decimale.\r\n', '0.308', 8, NULL),
(75, 'Računalo ispisuje brojeve sa 8 znamenaka. Uz poretpostavku da je pojava svake znamenke na svakom mjestu jednako vjerojatna, izračunaj vjerojatnost događaja: broj ima 2 para jednakih znamenaka. ( Decimani broj zaokruži na 3 znamenke)\r\n', '0.635', 9, NULL),
(76, 'Iz snopa od 32 karte izabrano je na sreću 6 karata. Kolika je jerojatnost da su među njima zastupljene sve 4 boje? (Zaokruži na 3 decimale)\r\n', '0.459', 9, NULL),
(77, 'Kutija ima 3 jednake pregrade. U prvoj se nalaze 4 bijele i 4 plavih kuglica, u drugoj 3 bijele i 6 plavih, u tećoj 5 crveih i 8 plavih kuglica. Kolika je vjerojatnost da ćemo vadeći dvije kuglice iz na sreću odabrane pregrae izvući dvije plave? (Rješenje zaokružite na 3 decimale)\r\n', '0.351', 9, NULL),
(78, 'Četiri strijeca gađaju u metu. Vjerojatnot pogotka za pojedine strijece iznose redom 0.6, 0.7, 0.8, 0.9. Izračunaj vjerojatnost da barem tri strijelca pogode metu.\r\n', '0.743', 9, NULL),
(79, 'U jednom su skladištu svi proizvodi ispravni, a u dugom ima 25% škarta. Odabran je na sreću dobar proizvod iz nekog skladišta. Izračunaj vjerojatnost da je drugi proizvod izvučen iz istog skladišta škart. (Rješenje zaokruži na 3 decimale)\r\n', '0.107', 9, NULL),
(80, 'Baca se 6 kocaka, od kojih su 4 bijele, a 2 žute. Izračunaj vjerojatnost da broj okrenutih žutih šestica bude veći od broja bijelih? (Rješenje zaokruži na 3 decimale)\r\n', '0.158', 9, NULL),
(81, 'Tri igrača su bacila po jednu kocku. Poznato je da je prvi dobio najveći broj. Kolika je vjerojatnost da je taj broj veći od 4? (Rješenje zaokruži na 3 decimale) \r\n', '0.745', 9, NULL);

-- --------------------------------------------------------

--
-- Table structure for table `zadatakkoncept`
--

CREATE TABLE IF NOT EXISTS `zadatakkoncept` (
  `id` int(11) NOT NULL AUTO_INCREMENT,
  `rbrZad` int(11) NOT NULL,
  `rbrKon` int(11) NOT NULL,
  `brBodova` int(11) NOT NULL,
  PRIMARY KEY (`id`),
  KEY `rbrZad` (`rbrZad`),
  KEY `rbrKon` (`rbrKon`)
) ENGINE=InnoDB  DEFAULT CHARSET=utf8 COLLATE=utf8_bin AUTO_INCREMENT=98 ;

--
-- Dumping data for table `zadatakkoncept`
--

INSERT INTO `zadatakkoncept` (`id`, `rbrZad`, `rbrKon`, `brBodova`) VALUES
(1, 1, 1, 10),
(2, 2, 1, 10),
(3, 3, 1, 10),
(4, 4, 1, 10),
(5, 5, 1, 10),
(6, 6, 1, 10),
(7, 7, 1, 10),
(8, 8, 1, 10),
(9, 9, 1, 10),
(10, 10, 1, 10),
(11, 11, 1, 10),
(12, 12, 1, 10),
(13, 13, 1, 10),
(14, 14, 1, 10),
(15, 15, 1, 10),
(16, 16, 1, 10),
(17, 17, 1, 10),
(18, 18, 1, 10),
(19, 19, 2, 10),
(20, 20, 2, 10),
(21, 21, 2, 10),
(22, 23, 2, 10),
(23, 24, 2, 10),
(24, 25, 2, 10),
(25, 26, 2, 10),
(26, 27, 2, 10),
(27, 28, 2, 10),
(28, 29, 2, 10),
(29, 30, 2, 10),
(30, 31, 2, 10),
(31, 32, 2, 10),
(32, 33, 2, 10),
(33, 34, 2, 10),
(34, 35, 2, 10),
(35, 36, 2, 10),
(36, 37, 2, 10),
(37, 38, 2, 10),
(38, 39, 2, 10),
(39, 40, 2, 10),
(40, 41, 2, 10),
(41, 42, 2, 10),
(42, 43, 2, 10),
(43, 44, 2, 10),
(44, 45, 3, 10),
(45, 46, 3, 10),
(46, 47, 3, 10),
(47, 48, 3, 10),
(48, 49, 3, 10),
(49, 50, 3, 7),
(50, 50, 2, 3),
(51, 51, 3, 10),
(52, 52, 3, 10),
(53, 53, 3, 10),
(54, 54, 3, 10),
(55, 55, 3, 10),
(56, 56, 3, 10),
(57, 57, 3, 10),
(58, 58, 3, 10),
(59, 59, 3, 10),
(60, 60, 3, 10),
(61, 61, 3, 10),
(62, 62, 3, 10),
(63, 63, 3, 10),
(64, 64, 3, 10),
(65, 65, 3, 10),
(66, 66, 2, 3),
(67, 66, 4, 7),
(68, 67, 2, 3),
(69, 67, 4, 7),
(70, 68, 2, 3),
(71, 68, 4, 7),
(72, 69, 2, 3),
(73, 69, 4, 7),
(74, 70, 2, 3),
(75, 70, 4, 7),
(76, 71, 2, 3),
(77, 71, 4, 7),
(78, 72, 2, 3),
(79, 72, 4, 7),
(80, 73, 1, 5),
(81, 73, 4, 5),
(82, 74, 2, 3),
(83, 74, 4, 7),
(84, 75, 2, 3),
(85, 75, 4, 7),
(86, 76, 2, 3),
(87, 76, 4, 7),
(88, 77, 2, 3),
(89, 77, 4, 7),
(90, 78, 2, 3),
(91, 78, 4, 7),
(92, 79, 2, 3),
(93, 79, 4, 7),
(94, 80, 2, 3),
(95, 80, 4, 7),
(96, 81, 2, 3),
(97, 81, 4, 7);

--
-- Constraints for dumped tables
--

--
-- Constraints for table `kategorijakategorija`
--
ALTER TABLE `kategorijakategorija`
  ADD CONSTRAINT `kategorijakategorija_ibfk_2` FOREIGN KEY (`rbrPodKat`) REFERENCES `kategorija` (`rbrKat`) ON DELETE CASCADE ON UPDATE CASCADE,
  ADD CONSTRAINT `kategorijakategorija_ibfk_1` FOREIGN KEY (`rbrNadKat`) REFERENCES `kategorija` (`rbrKat`) ON DELETE CASCADE ON UPDATE CASCADE;

--
-- Constraints for table `konceptkoncept`
--
ALTER TABLE `konceptkoncept`
  ADD CONSTRAINT `konceptkoncept_ibfk_2` FOREIGN KEY (`rbrPodKon`) REFERENCES `koncept` (`rbrKon`) ON DELETE CASCADE ON UPDATE CASCADE,
  ADD CONSTRAINT `konceptkoncept_ibfk_1` FOREIGN KEY (`rbrNadKon`) REFERENCES `koncept` (`rbrKon`) ON DELETE CASCADE ON UPDATE CASCADE;

--
-- Constraints for table `korisnikkategorija`
--
ALTER TABLE `korisnikkategorija`
  ADD CONSTRAINT `korisnikkategorija_ibfk_2` FOREIGN KEY (`rbrKat`) REFERENCES `kategorija` (`rbrKat`) ON DELETE CASCADE ON UPDATE CASCADE,
  ADD CONSTRAINT `korisnikkategorija_ibfk_1` FOREIGN KEY (`userID`) REFERENCES `korisnik` (`userID`) ON DELETE CASCADE ON UPDATE CASCADE;

--
-- Constraints for table `korisnikkoncept`
--
ALTER TABLE `korisnikkoncept`
  ADD CONSTRAINT `korisnikkoncept_ibfk_2` FOREIGN KEY (`rbrKon`) REFERENCES `koncept` (`rbrKon`) ON DELETE CASCADE ON UPDATE CASCADE,
  ADD CONSTRAINT `korisnikkoncept_ibfk_1` FOREIGN KEY (`userID`) REFERENCES `korisnik` (`userID`) ON DELETE CASCADE ON UPDATE CASCADE;

--
-- Constraints for table `korisnikzadatak`
--
ALTER TABLE `korisnikzadatak`
  ADD CONSTRAINT `korisnikzadatak_ibfk_2` FOREIGN KEY (`rbrZad`) REFERENCES `zadatak` (`rbrZad`) ON DELETE CASCADE ON UPDATE CASCADE,
  ADD CONSTRAINT `korisnikzadatak_ibfk_1` FOREIGN KEY (`userID`) REFERENCES `korisnik` (`userID`) ON DELETE CASCADE ON UPDATE CASCADE;

--
-- Constraints for table `zadatak`
--
ALTER TABLE `zadatak`
  ADD CONSTRAINT `zadatak_ibfk_1` FOREIGN KEY (`rbrKat`) REFERENCES `kategorija` (`rbrKat`) ON DELETE CASCADE ON UPDATE CASCADE;

--
-- Constraints for table `zadatakkoncept`
--
ALTER TABLE `zadatakkoncept`
  ADD CONSTRAINT `zadatakkoncept_ibfk_2` FOREIGN KEY (`rbrKon`) REFERENCES `koncept` (`rbrKon`) ON DELETE CASCADE ON UPDATE CASCADE,
  ADD CONSTRAINT `zadatakkoncept_ibfk_1` FOREIGN KEY (`rbrZad`) REFERENCES `zadatak` (`rbrZad`) ON DELETE CASCADE ON UPDATE CASCADE;

/*!40101 SET CHARACTER_SET_CLIENT=@OLD_CHARACTER_SET_CLIENT */;
/*!40101 SET CHARACTER_SET_RESULTS=@OLD_CHARACTER_SET_RESULTS */;
/*!40101 SET COLLATION_CONNECTION=@OLD_COLLATION_CONNECTION */;
